microorganism	locus_tag	log2FoldChange	padj	diffexpr
B. thetaiotaomicron	BT_0924	-5.65129321588306	6.0089410646797e-25	Downregulated
P. acidilactici	HN015_02105	-4.77737250527549	1.19810390496915e-22	Downregulated
P. acidilactici	HN015_06605	-4.97955499609477	7.88438628272756e-20	Downregulated
P. acidilactici	HN015_02120	-3.25266664382737	3.62417623784358e-17	Downregulated
P. acidilactici	HN015_00255	-8.50626299390283	7.20445881731169e-17	Downregulated
P. acidilactici	HN015_06735	-3.61186326278098	6.699335439436e-16	Downregulated
P. acidilactici	HN015_01360	-4.04055905643885	8.14316015133371e-16	Downregulated
E. coli	b2342	3.71791882676	8.43155947049988e-16	Upregulated
P. acidilactici	HN015_06940	-3.25859679674486	1.45066248951615e-15	Downregulated
B. thetaiotaomicron	BT_1973	-2.27653395184256	1.78921978047422e-14	Downregulated
B. thetaiotaomicron	BT_0925	-4.90421482075602	1.99521987619215e-14	Downregulated
P. acidilactici	HN015_06870	-3.42162918049245	4.49095707752204e-14	Downregulated
P. acidilactici	HN015_07100	-3.33696378656723	7.5606840298577e-14	Downregulated
P. acidilactici	HN015_09380	-4.33398632041652	1.0659467215493e-13	Downregulated
P. acidilactici	HN015_00010	-3.69749073789918	1.55494978945947e-13	Downregulated
P. acidilactici	HN015_02585	-3.92744075576585	2.94224329305401e-13	Downregulated
P. acidilactici	HN015_00910	-4.18177913520906	4.56925709436544e-13	Downregulated
E. coli	b4147	2.08701110287897	4.94905053385893e-13	Upregulated
P. acidilactici	HN015_05590	-4.57622949751826	1.19200030466355e-12	Downregulated
P. acidilactici	HN015_01535	-2.89915712278126	1.82602836774723e-12	Downregulated
B. thetaiotaomicron	BT_0565	-2.59547198743482	2.19276793123639e-12	Downregulated
P. acidilactici	HN015_00920	-6.41569155727745	2.28648452373548e-12	Downregulated
P. acidilactici	HN015_07930	-5.459428951425	7.88326156347539e-12	Downregulated
P. acidilactici	HN015_06665	-3.30947023497376	9.16602603919583e-12	Downregulated
P. acidilactici	HN015_00250	-7.29945713671156	1.87501849207759e-11	Downregulated
P. acidilactici	HN015_06860	-4.74801922294778	2.0440212679357e-11	Downregulated
B. thetaiotaomicron	BT_2119	-3.53076136676819	2.11456570777772e-11	Downregulated
P. acidilactici	HN015_06140	-3.04607625344885	2.23628450986478e-11	Downregulated
P. acidilactici	HN015_00245	-7.83225596248448	3.16592056470724e-11	Downregulated
P. acidilactici	HN015_08365	-4.2266914121795	3.39271043609747e-11	Downregulated
P. acidilactici	HN015_04080	-4.74634899583467	4.43336550045772e-11	Downregulated
E. coli	b2095	2.23466857805285	5.04068774104132e-11	Upregulated
P. acidilactici	HN015_07795	-3.90167000624972	5.10615069848373e-11	Downregulated
P. acidilactici	HN015_09395	-4.69146200018859	5.84439912919957e-11	Downregulated
E. coli	b3604	3.09790548075439	6.90214807690885e-11	Upregulated
P. acidilactici	HN015_08285	-4.17363118825111	7.5022002550822e-11	Downregulated
P. acidilactici	HN015_07030	-4.0856334079045	9.47812149083801e-11	Downregulated
P. acidilactici	HN015_02220	-3.35783161305662	9.47812149083801e-11	Downregulated
P. acidilactici	HN015_04025	-4.39422613569993	1.01601539272736e-10	Downregulated
P. acidilactici	HN015_05015	-5.10385236442205	1.02776402945047e-10	Downregulated
E. coli	b3605	2.80686666805396	1.03897610286144e-10	Upregulated
P. acidilactici	HN015_07975	-4.15546039200807	1.17834903583906e-10	Downregulated
B. thetaiotaomicron	BT_1072	-3.47634859064032	1.4075745440543e-10	Downregulated
P. acidilactici	HN015_00240	-6.8234036709502	1.48674432519016e-10	Downregulated
P. acidilactici	HN015_09970	-2.54573269003587	1.79154570277683e-10	Downregulated
B. thetaiotaomicron	BT_1830	-3.02425761851942	1.96525101996347e-10	Downregulated
P. acidilactici	HN015_02200	-3.86711597861271	2.35646108930671e-10	Downregulated
E. coli	b2147	3.91512521969906	2.52295696515249e-10	Upregulated
P. acidilactici	HN015_08870	-4.48823587766966	2.9538508764093e-10	Downregulated
P. acidilactici	HN015_01765	-5.20854281044233	2.97579363466514e-10	Downregulated
P. acidilactici	HN015_05690	-3.92270700982841	3.43950156713531e-10	Downregulated
P. acidilactici	HN015_06590	-4.13957545619547	3.56253891676434e-10	Downregulated
B. thetaiotaomicron	BT_1269	-3.18573010975507	3.67078026993712e-10	Downregulated
P. acidilactici	HN015_06730	-3.52909660024987	3.68569448437661e-10	Downregulated
P. acidilactici	HN015_06545	-7.23180843836227	4.19910039621704e-10	Downregulated
P. acidilactici	HN015_06355	-3.79131335712528	4.22293891239382e-10	Downregulated
P. acidilactici	HN015_01735	-3.71991845896033	4.59493835303817e-10	Downregulated
E. coli	b3671	3.02330487278039	4.5989370187665e-10	Upregulated
E. coli	b2239	2.95360426796555	4.64794927778271e-10	Upregulated
E. coli	b2092	2.20508423486508	4.98141985929676e-10	Upregulated
E. coli	b2237	2.18953569771937	5.22623915474635e-10	Upregulated
E. coli	b4484	2.84369855567777	5.51867101910114e-10	Upregulated
E. coli	b3603	4.16104766731213	6.53252632264289e-10	Upregulated
B. thetaiotaomicron	BT_2097	-4.39327989722034	7.13522208461554e-10	Downregulated
P. acidilactici	HN015_08230	-4.51608293495891	8.01050506611686e-10	Downregulated
P. acidilactici	HN015_03845	-3.41264299645982	8.10246891607278e-10	Downregulated
P. acidilactici	HN015_01795	-3.41117180309808	8.25011804945111e-10	Downregulated
P. acidilactici	HN015_08275	-4.10236598670007	8.4818518413266e-10	Downregulated
B. thetaiotaomicron	BT_1268	-3.43911586031987	9.44661688939967e-10	Downregulated
L. symbiosum	HMPREF9475_02251	-2.70276610981781	9.49675098423334e-10	Downregulated
P. acidilactici	HN015_08895	-5.44885978223769	9.51535127812569e-10	Downregulated
P. acidilactici	HN015_07470	-3.6000136526688	1.23968803077423e-09	Downregulated
B. breve	BBBR_1593	-2.40717401089486	1.27626216112106e-09	Downregulated
P. acidilactici	HN015_08200	-3.79084970624088	1.29212321036402e-09	Downregulated
B. thetaiotaomicron	BT_2118	-3.40231379201875	1.4127070440669e-09	Downregulated
P. acidilactici	HN015_01970	-4.10263416952961	2.2667276739785e-09	Downregulated
E. coli	b4002	3.20930994474884	2.34778788297495e-09	Upregulated
P. acidilactici	HN015_02135	-3.10333315358981	2.37811232936506e-09	Downregulated
P. acidilactici	HN015_07905	-3.39125155619046	2.44419845579605e-09	Downregulated
P. acidilactici	HN015_01730	-4.79935159509279	2.59391329365593e-09	Downregulated
P. acidilactici	HN015_07500	-2.81093239364867	2.7764411543001e-09	Downregulated
P. acidilactici	HN015_09210	-3.0121044882576	2.95976475472087e-09	Downregulated
E. coli	b1498	5.96889194549714	3.003835584968e-09	Upregulated
P. acidilactici	HN015_04110	-3.45026377588682	3.02279370675195e-09	Downregulated
P. acidilactici	HN015_02125	-3.39887641101381	3.11575939086463e-09	Downregulated
P. acidilactici	HN015_08500	-3.8041051856973	3.12707426907742e-09	Downregulated
P. acidilactici	HN015_01595	-4.1714287769766	3.86024769032323e-09	Downregulated
P. acidilactici	HN015_07920	-4.19152012102248	5.2363323289582e-09	Downregulated
E. coli	b1479	2.08413611790046	5.24943876495806e-09	Upregulated
P. acidilactici	HN015_01580	-4.02001188531412	5.26623324024758e-09	Downregulated
P. acidilactici	HN015_07000	-4.75041302297342	6.01482594175235e-09	Downregulated
P. acidilactici	HN015_02830	-5.70723466614214	6.34495118638543e-09	Downregulated
P. acidilactici	HN015_09930	-4.2537944073415	6.43544472653152e-09	Downregulated
E. coli	b2240	2.92521487354822	6.47593103228099e-09	Upregulated
P. acidilactici	HN015_05575	-3.3131221777765	6.64015326087802e-09	Downregulated
P. acidilactici	HN015_06690	-3.28726272852351	7.07131733732058e-09	Downregulated
P. acidilactici	HN015_02140	-3.47770361917609	7.38846401556031e-09	Downregulated
P. acidilactici	HN015_04275	-3.74337321830222	7.5039656918341e-09	Downregulated
P. acidilactici	HN015_02095	-3.27187789141721	7.78232679556282e-09	Downregulated
B. thetaiotaomicron	BT_2096	-3.86320899765911	7.82837952653336e-09	Downregulated
P. acidilactici	HN015_03695	-6.36827540497538	7.83432298104431e-09	Downregulated
P. acidilactici	HN015_06560	-4.93377488426981	7.90485997098209e-09	Downregulated
P. acidilactici	HN015_03745	-3.50588394011726	8.16961388520043e-09	Downregulated
P. acidilactici	HN015_06995	-4.30277574284922	9.08115978323961e-09	Downregulated
P. acidilactici	HN015_08960	-4.03452148880619	9.1844390892216e-09	Downregulated
P. acidilactici	HN015_05580	-3.64833098899306	9.59087864300101e-09	Downregulated
B. thetaiotaomicron	BT_1107	-3.91823241171786	1.02228010394616e-08	Downregulated
P. acidilactici	HN015_08450	-2.79386435964971	1.03694061779123e-08	Downregulated
P. acidilactici	HN015_04120	-3.79510733606208	1.04272082756786e-08	Downregulated
B. breve	BBBR_0175	4.69132091342433	1.04659754998691e-08	Upregulated
P. acidilactici	HN015_07025	-3.68065383978827	1.23093897874723e-08	Downregulated
P. acidilactici	HN015_06260	-3.4355386343505	1.30088530217358e-08	Downregulated
P. acidilactici	HN015_08965	-4.68931103261259	1.39255846376696e-08	Downregulated
P. acidilactici	HN015_08930	-3.3407529911611	1.73932144386232e-08	Downregulated
P. acidilactici	HN015_00015	-3.85845961447352	1.76241690815514e-08	Downregulated
P. acidilactici	HN015_00050	-3.67400614256637	2.19050906548568e-08	Downregulated
P. acidilactici	HN015_05570	-3.85480324323078	2.35987226599618e-08	Downregulated
P. acidilactici	HN015_03840	-3.67571938317498	2.41185956711683e-08	Downregulated
P. acidilactici	HN015_01945	-2.81284054005398	2.50614994784255e-08	Downregulated
P. acidilactici	HN015_03965	-4.52645051183156	2.54218950856807e-08	Downregulated
P. acidilactici	HN015_05615	-3.15810964786681	2.60971681795764e-08	Downregulated
P. acidilactici	HN015_08605	-3.66894574883202	2.69721331464486e-08	Downregulated
P. acidilactici	HN015_08220	-3.9915925158746	2.71968672347612e-08	Downregulated
P. acidilactici	HN015_09385	-4.1306906566934	2.82663638581651e-08	Downregulated
B. thetaiotaomicron	BT_1829	-3.03349350462815	2.85969208146769e-08	Downregulated
P. acidilactici	HN015_07115	-4.4838328046691	3.25555887389929e-08	Downregulated
E. coli	b4352	2.23597977235034	3.33018869143646e-08	Upregulated
P. acidilactici	HN015_05120	-3.02768076464809	3.40592632504031e-08	Downregulated
P. acidilactici	HN015_00060	-3.40364234082783	3.64033003072439e-08	Downregulated
P. acidilactici	HN015_07480	-3.5404666084518	3.66007384797263e-08	Downregulated
P. acidilactici	HN015_06610	-4.22419649025157	3.72137981784641e-08	Downregulated
P. acidilactici	HN015_01410	-5.36501486198732	4.1694058513555e-08	Downregulated
P. acidilactici	HN015_09260	-3.72227097851689	4.35386697858263e-08	Downregulated
P. acidilactici	HN015_01940	-4.1093922699735	4.69006825236911e-08	Downregulated
P. acidilactici	HN015_04645	-4.75417379452872	5.2075257290808e-08	Downregulated
E. coli	b2242	2.70987156983846	5.73898170219143e-08	Upregulated
P. acidilactici	HN015_05560	-3.25700311574615	5.91292700179423e-08	Downregulated
P. acidilactici	HN015_04305	-3.38082279474486	6.20903263974e-08	Downregulated
E. coli	b0679	4.9444428350352	6.61591316386201e-08	Upregulated
P. acidilactici	HN015_00565	-7.18773399715644	7.32478200716961e-08	Downregulated
P. acidilactici	HN015_08705	-5.2280018400184	7.45245385900903e-08	Downregulated
P. acidilactici	HN015_04850	-3.79513432732092	7.50274808302697e-08	Downregulated
P. acidilactici	HN015_02035	-3.6439473726636	7.55226260274355e-08	Downregulated
P. acidilactici	HN015_03680	-5.22930447848175	7.66457634646339e-08	Downregulated
B. thetaiotaomicron	BT_0897	-3.59909551757024	7.70705250094037e-08	Downregulated
P. acidilactici	HN015_05685	-4.01207109565943	8.12039746739646e-08	Downregulated
P. acidilactici	HN015_06810	-2.87603582950488	8.14617432287453e-08	Downregulated
P. acidilactici	HN015_02195	-3.72486093669265	8.16923272496061e-08	Downregulated
P. acidilactici	HN015_00260	-8.08159382148818	8.33189905106055e-08	Downregulated
P. acidilactici	HN015_06285	-3.70221119313954	8.34635906730233e-08	Downregulated
P. acidilactici	HN015_09370	-4.0703510320332	8.89384420384789e-08	Downregulated
P. acidilactici	HN015_04920	-3.41905824239358	9.55346922582598e-08	Downregulated
B. thetaiotaomicron	BT_1681	-2.97831267603533	9.8022874870356e-08	Downregulated
E. coli	b1636	2.22732870379106	9.83543385611728e-08	Upregulated
P. acidilactici	HN015_04745	-3.55375149471179	1.17037848015329e-07	Downregulated
P. acidilactici	HN015_08900	-3.96022641933082	1.17591957988347e-07	Downregulated
P. acidilactici	HN015_06830	-3.55792006576321	1.2071926868189e-07	Downregulated
P. acidilactici	HN015_02050	-2.70256110155902	1.26656732574381e-07	Downregulated
P. acidilactici	HN015_08145	-3.57831712944862	1.26676822431867e-07	Downregulated
P. acidilactici	HN015_06070	-3.4660740382542	1.27354750962623e-07	Downregulated
P. acidilactici	HN015_06090	-3.16938921974396	1.27691738753613e-07	Downregulated
P. acidilactici	HN015_06815	-4.41943247464709	1.31265449319103e-07	Downregulated
E. coli	b2496	2.10472214907408	1.31274705106194e-07	Upregulated
P. acidilactici	HN015_05860	-4.28067355290499	1.36189686917793e-07	Downregulated
P. acidilactici	HN015_08060	-3.9272835587487	1.39403445208951e-07	Downregulated
P. acidilactici	HN015_01885	-3.32250607467546	1.48184633624161e-07	Downregulated
P. acidilactici	HN015_00030	-2.59277266931479	1.57241517818557e-07	Downregulated
P. acidilactici	HN015_03770	-3.70219220780417	1.62611251952422e-07	Downregulated
P. acidilactici	HN015_08350	-3.06112294885718	1.62611251952422e-07	Downregulated
P. acidilactici	HN015_03705	-6.55325348975049	1.66394008943225e-07	Downregulated
P. acidilactici	HN015_02130	-3.43800601874208	1.68881497963346e-07	Downregulated
P. acidilactici	HN015_08035	-3.30826562061735	1.71807728814438e-07	Downregulated
P. acidilactici	HN015_03715	-3.73581537348796	1.73176955445648e-07	Downregulated
P. acidilactici	HN015_09135	-2.83301359530592	1.74693148349137e-07	Downregulated
P. acidilactici	HN015_00420	-4.25786553939239	1.75701261364922e-07	Downregulated
E. coli	b1116	2.47376540460162	1.82486715156465e-07	Upregulated
P. acidilactici	HN015_04035	-4.5194849671839	1.97918737725785e-07	Downregulated
P. acidilactici	HN015_06710	-3.59498977839813	1.98786959731964e-07	Downregulated
P. acidilactici	HN015_02855	-3.1877256867354	1.99814369150737e-07	Downregulated
P. acidilactici	HN015_00595	-3.60810326628796	2.00271338770938e-07	Downregulated
E. coli	b2091	2.18630402272978	2.0590126925848e-07	Upregulated
P. acidilactici	HN015_05845	-4.0479681845568	2.09931293218162e-07	Downregulated
P. acidilactici	HN015_03865	-3.31967989794556	2.10632013901593e-07	Downregulated
P. acidilactici	HN015_00955	-3.23675122799573	2.16976744662356e-07	Downregulated
P. acidilactici	HN015_07915	-3.36660187011476	2.1935037482459e-07	Downregulated
P. acidilactici	HN015_07995	-3.58276297003957	2.21217767621451e-07	Downregulated
P. acidilactici	HN015_08385	-3.5038771400183	2.21221480993606e-07	Downregulated
P. acidilactici	HN015_02145	-3.38086303793378	2.24356572833758e-07	Downregulated
P. acidilactici	HN015_04845	-3.05480020020844	2.29031541948012e-07	Downregulated
P. acidilactici	HN015_06540	-4.41697357277573	2.33720481092226e-07	Downregulated
P. acidilactici	HN015_08750	-5.94484649804653	2.35271396504277e-07	Downregulated
E. coli	b2265	2.35592702557316	2.35331239015052e-07	Upregulated
P. acidilactici	HN015_08000	-3.11433249351889	2.47970532450156e-07	Downregulated
P. acidilactici	HN015_07950	-4.43410666089751	2.52424967132814e-07	Downregulated
P. acidilactici	HN015_04215	-2.66426921575784	2.62712427216548e-07	Downregulated
B. thetaiotaomicron	BT_3011	-4.03756316748574	2.72313350218779e-07	Downregulated
P. acidilactici	HN015_06330	-3.36741138309436	2.84953428313794e-07	Downregulated
P. acidilactici	HN015_04015	-4.55162905697123	2.97159719099898e-07	Downregulated
P. acidilactici	HN015_06660	-5.38632767338711	3.08666592395953e-07	Downregulated
B. thetaiotaomicron	BT_0585	-4.11614457820884	3.30653803793057e-07	Downregulated
P. acidilactici	HN015_03675	-4.76251045331051	3.33433664753599e-07	Downregulated
P. acidilactici	HN015_05565	-3.10728350536758	3.34447176846013e-07	Downregulated
P. acidilactici	HN015_07005	-4.82299488769873	3.42501387587351e-07	Downregulated
P. acidilactici	HN015_04630	-3.80403067278232	3.46656463754271e-07	Downregulated
P. acidilactici	HN015_03920	-3.12158168033296	3.49804760869402e-07	Downregulated
P. acidilactici	HN015_04905	-3.42389685222314	3.60609540355479e-07	Downregulated
P. acidilactici	HN015_01935	-4.00084965650785	3.76732987155317e-07	Downregulated
P. acidilactici	HN015_04890	-2.84553702768646	3.7961822344908e-07	Downregulated
P. acidilactici	HN015_09250	-3.24752886526701	3.80043587124412e-07	Downregulated
E. coli	b1856	2.16770396156344	3.90996492723377e-07	Upregulated
P. acidilactici	HN015_06250	-3.23579230981967	4.02571468221749e-07	Downregulated
P. acidilactici	HN015_08410	-3.26256594761034	4.13741642012216e-07	Downregulated
P. acidilactici	HN015_05795	-3.37110250905224	4.31034845586674e-07	Downregulated
B. thetaiotaomicron	BT_2759	-2.86297767082865	4.48420818009994e-07	Downregulated
E. coli	b0677	4.40139305165525	4.52917556753291e-07	Upregulated
P. acidilactici	HN015_07985	-3.46864221228045	4.73853966689462e-07	Downregulated
B. thetaiotaomicron	BT_1812	-2.83660959420914	4.84189947044664e-07	Downregulated
P. acidilactici	HN015_01975	-2.70190949307538	4.85375731372418e-07	Downregulated
P. acidilactici	HN015_06085	-4.42824794577768	4.85827632300556e-07	Downregulated
E. coli	b3962	2.31878070712114	4.98285948701248e-07	Upregulated
E. coli	b4354	3.871375557346	5.15445209442836e-07	Upregulated
P. acidilactici	HN015_05625	-3.80044407035082	5.24957955277563e-07	Downregulated
P. acidilactici	HN015_01900	-4.33383591802742	5.27836303581489e-07	Downregulated
P. acidilactici	HN015_06265	-3.26813841417431	5.48557184562581e-07	Downregulated
E. coli	b0678	4.92223613512742	5.61167504994364e-07	Upregulated
P. acidilactici	HN015_04280	-3.03784466231246	5.62700874185335e-07	Downregulated
P. acidilactici	HN015_04945	-4.69199227820146	5.79292022297189e-07	Downregulated
P. acidilactici	HN015_07510	-3.42891528324622	5.81162828453986e-07	Downregulated
P. acidilactici	HN015_04665	-3.54704182897982	6.32185393790013e-07	Downregulated
L. symbiosum	HMPREF9475_02644	-4.43602058762042	6.53778131979973e-07	Downregulated
P. acidilactici	HN015_01005	-3.48617233806948	6.61346997623669e-07	Downregulated
E. coli	b3547	-2.38116569244142	6.7200375566271e-07	Downregulated
E. coli	b1634	2.2648271714774	7.70542953047136e-07	Upregulated
P. acidilactici	HN015_05540	-3.33665659380617	7.97722600618962e-07	Downregulated
E. coli	b0676	3.40647028041953	8.45580588342643e-07	Upregulated
P. acidilactici	HN015_07870	-3.8288248185086	8.5243737932212e-07	Downregulated
P. acidilactici	HN015_00830	-4.46587400841301	8.71445528339767e-07	Downregulated
P. acidilactici	HN015_04915	-3.995596895368	8.75306086695887e-07	Downregulated
P. acidilactici	HN015_03870	-2.6789113853813	8.88816916255821e-07	Downregulated
E. coli	b1002	2.88161612095288	8.99777459330253e-07	Upregulated
P. acidilactici	HN015_07505	-3.34462181075608	9.22023405807387e-07	Downregulated
P. acidilactici	HN015_09290	-3.9007873808398	9.39205050046852e-07	Downregulated
E. coli	b3593	-3.40266438569501	9.97606717170214e-07	Downregulated
P. acidilactici	HN015_02175	-4.65321773562828	1.00784860761307e-06	Downregulated
E. coli	b3606	2.35214513049278	1.04917049434753e-06	Upregulated
P. acidilactici	HN015_05165	-3.2661563207623	1.11905810184775e-06	Downregulated
P. acidilactici	HN015_08590	-3.39597468702343	1.12891512314225e-06	Downregulated
E. coli	b3001	2.61414034883981	1.17583425180869e-06	Upregulated
P. acidilactici	HN015_04105	-3.79302610210519	1.17775225805748e-06	Downregulated
L. symbiosum	HMPREF9475_02642	-4.29184350246523	1.20779581498485e-06	Downregulated
P. acidilactici	HN015_03670	-4.35222495002247	1.22013836098549e-06	Downregulated
P. acidilactici	HN015_08415	-3.69299784566345	1.25286112532945e-06	Downregulated
P. acidilactici	HN015_06185	-3.48260019540878	1.30699368328278e-06	Downregulated
P. acidilactici	HN015_04180	-3.05012498430571	1.40846476315223e-06	Downregulated
B. thetaiotaomicron	BT_1073	-2.68907448621036	1.42708615312964e-06	Downregulated
P. acidilactici	HN015_08025	-4.41643104231154	1.45952536251971e-06	Downregulated
P. acidilactici	HN015_06205	-3.55233116416485	1.4794041866658e-06	Downregulated
P. acidilactici	HN015_05720	-3.77178445428643	1.49878252756008e-06	Downregulated
P. acidilactici	HN015_00960	-3.25529797199587	1.5534764428773e-06	Downregulated
P. acidilactici	HN015_06695	-2.76150694282698	1.56788382092496e-06	Downregulated
P. acidilactici	HN015_00965	-3.67138610122425	1.5735744758181e-06	Downregulated
P. acidilactici	HN015_01325	-3.30175770464803	1.62015066237764e-06	Downregulated
E. coli	b2243	2.36603459167962	1.6836314434916e-06	Upregulated
P. acidilactici	HN015_00385	-3.01112087829938	1.71371794975088e-06	Downregulated
P. acidilactici	HN015_01950	-2.76102846690084	1.77154178044215e-06	Downregulated
P. acidilactici	HN015_06310	-3.83015738427056	1.77183049909823e-06	Downregulated
P. acidilactici	HN015_03015	-2.67514571947928	1.77260972684253e-06	Downregulated
P. acidilactici	HN015_01660	-3.52315992608032	1.77572507422382e-06	Downregulated
P. acidilactici	HN015_08140	-3.40489855141021	1.85805849617331e-06	Downregulated
P. acidilactici	HN015_06145	-4.54981685863566	2.00141253127743e-06	Downregulated
P. acidilactici	HN015_02160	-3.94348878011815	2.10022048367724e-06	Downregulated
E. coli	b3926	2.67881115533718	2.20044303229391e-06	Upregulated
P. acidilactici	HN015_08580	-3.59399923929542	2.25013821291954e-06	Downregulated
P. acidilactici	HN015_06555	-2.44504517347713	2.25954743437515e-06	Downregulated
P. acidilactici	HN015_08505	-2.87645875490452	2.41524762907592e-06	Downregulated
E. coli	b3670	2.49476573439845	2.4166110948628e-06	Upregulated
P. acidilactici	HN015_04020	-3.90455103383126	2.52267421620354e-06	Downregulated
P. acidilactici	HN015_05935	-3.74038708768493	2.57434904650088e-06	Downregulated
P. acidilactici	HN015_00605	-4.24284995517415	2.6341222085767e-06	Downregulated
P. acidilactici	HN015_07710	-3.34587428584506	2.70919151056251e-06	Downregulated
P. acidilactici	HN015_08225	-4.18655503516016	2.7143719090424e-06	Downregulated
B. thetaiotaomicron	BT_1108	-2.96247862618072	2.8008422336421e-06	Downregulated
P. acidilactici	HN015_06270	-3.05661864242191	2.84128854575523e-06	Downregulated
B. thetaiotaomicron	BT_2117	-3.52413417253318	2.92038950063263e-06	Downregulated
P. acidilactici	HN015_09690	-3.74211916120243	2.92166635763676e-06	Downregulated
P. acidilactici	HN015_01710	-3.89944512462558	2.95525148048424e-06	Downregulated
P. acidilactici	HN015_05125	-3.65597597171733	2.95570340223357e-06	Downregulated
E. coli	b3358	2.43371161705937	2.96188110314596e-06	Upregulated
P. acidilactici	HN015_05605	-3.06443933825301	3.01128424230488e-06	Downregulated
P. acidilactici	HN015_03820	-3.84654265146263	3.03397797418432e-06	Downregulated
P. acidilactici	HN015_06360	-2.64927728619302	3.04000525733813e-06	Downregulated
P. acidilactici	HN015_01860	-3.31617830254564	3.14731717703411e-06	Downregulated
P. acidilactici	HN015_05820	-2.88027275770872	3.14731717703411e-06	Downregulated
P. acidilactici	HN015_05695	-3.9950845431501	3.17502225852041e-06	Downregulated
E. coli	b2943	3.1708360074145	3.17692277690471e-06	Upregulated
P. acidilactici	HN015_03035	-4.72141453716303	3.30977283166785e-06	Downregulated
P. acidilactici	HN015_06375	-3.81893703634628	3.44479796064432e-06	Downregulated
P. acidilactici	HN015_00870	-4.37509213661911	3.48904246327688e-06	Downregulated
E. coli	b1060	-2.52188314449687	3.6053608192828e-06	Downregulated
P. acidilactici	HN015_07890	-3.60260253944066	3.64911665654298e-06	Downregulated
P. acidilactici	HN015_09365	-3.37792912870425	3.69465464386186e-06	Downregulated
P. acidilactici	HN015_09560	-2.91386790696446	3.71335716625023e-06	Downregulated
B. thetaiotaomicron	BT_2668	-3.93832751443583	3.7240188595256e-06	Downregulated
P. acidilactici	HN015_04255	-2.67452366602327	3.72824264457518e-06	Downregulated
E. coli	b3595	-4.13923815849154	3.93766578696608e-06	Downregulated
P. acidilactici	HN015_08280	-4.21623851351902	4.04303542324078e-06	Downregulated
P. acidilactici	HN015_08135	-2.51413373969962	4.092416770698e-06	Downregulated
P. acidilactici	HN015_08075	-2.99217279812682	4.092416770698e-06	Downregulated
P. acidilactici	HN015_06060	-3.14164122518643	4.28434017401926e-06	Downregulated
E. coli	b1415	3.21875268824882	4.28434017401926e-06	Upregulated
P. acidilactici	HN015_00540	-5.91351608398584	4.33639294072383e-06	Downregulated
P. acidilactici	HN015_00525	-4.56342143784288	4.36549802885511e-06	Downregulated
E. coli	b3426	3.00090687050053	4.38181317578272e-06	Upregulated
B. breve	BBBR_0349	2.15515718839514	4.40661093729977e-06	Upregulated
P. acidilactici	HN015_06180	-3.6064360805989	4.49243664166288e-06	Downregulated
B. thetaiotaomicron	BT_2479	-5.96131349231709	4.73319654695167e-06	Downregulated
P. acidilactici	HN015_06245	-2.99028711409223	4.82951387634563e-06	Downregulated
E. coli	b3927	2.84621303951826	5.0191033660993e-06	Upregulated
P. acidilactici	HN015_03700	-6.19549078194358	5.03636192067297e-06	Downregulated
E. coli	b3594	-3.33338390582556	5.18543419804877e-06	Downregulated
P. acidilactici	HN015_05965	-5.8283607818313	5.20255753504008e-06	Downregulated
P. acidilactici	HN015_04055	-4.36829511185954	5.31908247605143e-06	Downregulated
B. thetaiotaomicron	BT_0926	-3.80136998630653	5.32445024598682e-06	Downregulated
P. acidilactici	HN015_04070	-2.64695366693573	5.35901203119387e-06	Downregulated
P. acidilactici	HN015_07935	-4.21828555941639	5.50626170639248e-06	Downregulated
P. acidilactici	HN015_08910	-3.34798233885585	5.51759373067439e-06	Downregulated
P. acidilactici	HN015_01485	-4.96480182704449	5.52341684101323e-06	Downregulated
P. acidilactici	HN015_06345	-3.31431187787758	5.54484497609929e-06	Downregulated
P. acidilactici	HN015_00700	-4.50698774555103	5.56639591119822e-06	Downregulated
P. acidilactici	HN015_06275	-3.47358334946354	5.5942359475422e-06	Downregulated
P. acidilactici	HN015_04205	-2.41560004755704	5.60040878587246e-06	Downregulated
P. acidilactici	HN015_02225	-4.00684196022198	5.9424435458746e-06	Downregulated
P. acidilactici	HN015_02070	-2.96998630013814	5.96111981544078e-06	Downregulated
P. acidilactici	HN015_03790	-2.73365127874747	5.99578424100671e-06	Downregulated
P. acidilactici	HN015_08700	-3.57512920421608	6.10016064188271e-06	Downregulated
P. acidilactici	HN015_06965	-3.76101526059906	6.19836778313924e-06	Downregulated
P. acidilactici	HN015_08515	-4.00955938276022	6.42556584995279e-06	Downregulated
E. coli	b2679	2.87442663714608	6.68141184977042e-06	Upregulated
P. acidilactici	HN015_08970	-4.2045355084947	6.68581942057331e-06	Downregulated
E. coli	b1596	2.71057192256736	6.91664909302709e-06	Upregulated
B. thetaiotaomicron	BT_1666	-2.18133498666545	6.92917093401219e-06	Downregulated
B. thetaiotaomicron	BT_1076	-3.43149870855777	6.93392224454046e-06	Downregulated
B. thetaiotaomicron	BT_3090	-5.31049933555301	7.0013341916647e-06	Downregulated
P. acidilactici	HN015_07235	-3.97297387548244	7.01222225398615e-06	Downregulated
B. thetaiotaomicron	BT_1243	-2.26683199524249	7.05020939502056e-06	Downregulated
P. acidilactici	HN015_07120	-3.85040497310622	7.09119432299601e-06	Downregulated
P. acidilactici	HN015_05710	-3.70628211046118	7.20920067935664e-06	Downregulated
P. acidilactici	HN015_01090	-4.01937751673826	7.26807438141702e-06	Downregulated
P. acidilactici	HN015_07015	-3.74952260667695	7.34972074083623e-06	Downregulated
P. acidilactici	HN015_01055	-3.79156169533971	7.40152925832389e-06	Downregulated
P. acidilactici	HN015_04865	-4.48872876512674	7.63423232050391e-06	Downregulated
E. coli	b0651	2.50816600586383	7.72766016481968e-06	Upregulated
P. acidilactici	HN015_05270	-3.92411932278831	7.92050030488458e-06	Downregulated
E. coli	b1732	3.66673525833361	7.92050030488458e-06	Upregulated
P. acidilactici	HN015_06615	-3.81089452526659	8.18851064137818e-06	Downregulated
P. acidilactici	HN015_02085	-3.27106248806308	8.25725518975013e-06	Downregulated
E. coli	b1478	2.5026446704903	8.49558024763734e-06	Upregulated
P. acidilactici	HN015_08600	-3.04822504054773	8.52916375720366e-06	Downregulated
P. acidilactici	HN015_08360	-5.04844817460698	8.55769712280788e-06	Downregulated
E. coli	b0790	2.81710007059139	8.60536941315392e-06	Upregulated
P. acidilactici	HN015_04615	-2.58143009955203	8.61992074875893e-06	Downregulated
P. acidilactici	HN015_04735	-3.2452134051891	8.9165178532534e-06	Downregulated
P. acidilactici	HN015_07990	-3.6136808162101	9.01458171430007e-06	Downregulated
P. acidilactici	HN015_03975	-2.93423024891102	9.06485351258216e-06	Downregulated
P. acidilactici	HN015_00530	-5.38596677806376	9.26361946397921e-06	Downregulated
B. thetaiotaomicron	BT_2480	-7.30040424569741	9.37889824088674e-06	Downregulated
P. acidilactici	HN015_07980	-3.82169332335492	9.62150609821801e-06	Downregulated
P. acidilactici	HN015_08760	-3.73598752136503	9.76773627749758e-06	Downregulated
P. acidilactici	HN015_04235	-3.33422580165932	1.00502041144408e-05	Downregulated
P. acidilactici	HN015_09235	-3.35401376130265	1.00711290255371e-05	Downregulated
P. acidilactici	HN015_07885	-2.53331119090332	1.00938700425302e-05	Downregulated
P. acidilactici	HN015_09205	-3.83358458497029	1.01198292908329e-05	Downregulated
P. acidilactici	HN015_00065	-3.80798914232743	1.02141688385897e-05	Downregulated
P. acidilactici	HN015_04690	-3.14183927440117	1.03756024544299e-05	Downregulated
P. acidilactici	HN015_06325	-4.15398906055712	1.19418906583027e-05	Downregulated
P. acidilactici	HN015_01670	-2.65073363175009	1.19553893856755e-05	Downregulated
P. acidilactici	HN015_01160	-2.2873559516098	1.20429633905568e-05	Downregulated
E. coli	b1828	2.45189703212302	1.20560306904117e-05	Upregulated
P. acidilactici	HN015_00970	-2.73646426054202	1.26597047437402e-05	Downregulated
P. acidilactici	HN015_05555	-4.2976956879471	1.31151283092254e-05	Downregulated
P. acidilactici	HN015_06960	-3.23583022364075	1.32886452543597e-05	Downregulated
P. acidilactici	HN015_07035	-3.05627752745297	1.33493051767385e-05	Downregulated
E. coli	b4380	2.05605278491178	1.34675470894446e-05	Upregulated
P. acidilactici	HN015_01450	-4.63929020485514	1.35408709950658e-05	Downregulated
E. coli	b0797	2.4870471780315	1.36228029189439e-05	Upregulated
P. acidilactici	HN015_04950	-4.68131685261514	1.39909519712415e-05	Downregulated
P. acidilactici	HN015_04045	-2.9624111693253	1.40091793969051e-05	Downregulated
P. acidilactici	HN015_09510	-3.87142659916319	1.41309129394643e-05	Downregulated
P. acidilactici	HN015_04230	-3.08953886559036	1.44337418786245e-05	Downregulated
P. acidilactici	HN015_04370	-3.91257197007865	1.45075971070081e-05	Downregulated
P. acidilactici	HN015_04430	-3.4126417857349	1.47240277484452e-05	Downregulated
P. acidilactici	HN015_02805	-3.71183721099162	1.47589423617916e-05	Downregulated
P. acidilactici	HN015_01745	-4.08484772656614	1.49225229393901e-05	Downregulated
P. acidilactici	HN015_06700	-2.54741025008438	1.52392764011211e-05	Downregulated
P. acidilactici	HN015_00395	-3.93198282553431	1.52457115217275e-05	Downregulated
P. acidilactici	HN015_00980	-2.61720215440299	1.5410428736242e-05	Downregulated
P. acidilactici	HN015_00225	-3.4386349569797	1.55980761482656e-05	Downregulated
P. acidilactici	HN015_07010	-4.68910795276103	1.63418396301397e-05	Downregulated
P. acidilactici	HN015_05145	-3.20555522922445	1.65142909922454e-05	Downregulated
P. acidilactici	HN015_01015	-2.13729335929027	1.66382489895001e-05	Downregulated
E. coli	b4498	3.16857028585825	1.69581949454596e-05	Upregulated
P. acidilactici	HN015_07865	-4.93930754685881	1.70420586378249e-05	Downregulated
B. thetaiotaomicron	BT_0584	-3.324182168897	1.70966465248645e-05	Downregulated
P. acidilactici	HN015_06280	-3.1848006999242	1.78024027865727e-05	Downregulated
P. acidilactici	HN015_04155	-2.41702923910981	1.80217346088694e-05	Downregulated
P. acidilactici	HN015_03105	-2.63880875328113	1.81603907249173e-05	Downregulated
P. acidilactici	HN015_03735	-3.87975954393323	1.8406917236406e-05	Downregulated
P. acidilactici	HN015_08550	-3.36613394599955	1.87153387264804e-05	Downregulated
P. acidilactici	HN015_05135	-2.85901248631583	1.89115383684926e-05	Downregulated
P. acidilactici	HN015_00020	-2.92399032165544	1.91968294815467e-05	Downregulated
P. acidilactici	HN015_08585	-3.50792083975367	1.95288624939092e-05	Downregulated
P. acidilactici	HN015_05235	-3.95069760127148	2.03391610609277e-05	Downregulated
P. acidilactici	HN015_02055	-3.84424957438615	2.03488758146797e-05	Downregulated
P. acidilactici	HN015_01655	-2.57725182442381	2.10515068001709e-05	Downregulated
P. acidilactici	HN015_08530	-3.21580947360261	2.15260611427105e-05	Downregulated
P. acidilactici	HN015_04115	-3.87005292825189	2.16778160467734e-05	Downregulated
B. thetaiotaomicron	BT_1075	-3.48518769048252	2.21965917230869e-05	Downregulated
P. acidilactici	HN015_03815	-2.9418664532836	2.28565970034657e-05	Downregulated
B. thetaiotaomicron	BT_0823	-2.69311319987849	2.31085419602436e-05	Downregulated
P. acidilactici	HN015_09255	-2.7594077031111	2.33426225396465e-05	Downregulated
P. acidilactici	HN015_08950	-3.36965352903561	2.37436161493557e-05	Downregulated
B. thetaiotaomicron	BT_1841	-2.55174124387322	2.55672674871059e-05	Downregulated
P. acidilactici	HN015_09035	-5.97281818105717	2.60079836170982e-05	Downregulated
L. symbiosum	HMPREF9475_00919	-3.12579814682213	2.72396908217651e-05	Downregulated
P. acidilactici	HN015_09225	-2.20022680754556	2.72941219603984e-05	Downregulated
P. acidilactici	HN015_06640	-3.36643939564076	2.73922023529471e-05	Downregulated
P. acidilactici	HN015_08205	-2.82289587038298	2.75453051653812e-05	Downregulated
L. symbiosum	HMPREF9475_02252	-2.48211573471129	2.76058895438137e-05	Downregulated
P. acidilactici	HN015_04435	-3.5945893909366	2.78415312049878e-05	Downregulated
P. acidilactici	HN015_01800	-4.25651289276336	2.79507415657261e-05	Downregulated
P. acidilactici	HN015_08260	-3.01205283665768	2.83535756590183e-05	Downregulated
P. acidilactici	HN015_06380	-3.32496876370698	2.94482107731813e-05	Downregulated
E. coli	b1197	2.0837891474705	2.95009282444228e-05	Upregulated
P. acidilactici	HN015_07780	-4.36367564060862	3.01801908910271e-05	Downregulated
P. acidilactici	HN015_02310	-4.75240671479136	3.07165405088223e-05	Downregulated
P. acidilactici	HN015_04005	-3.2941637671155	3.10219508443851e-05	Downregulated
P. acidilactici	HN015_06705	-2.61531766639667	3.18979470577369e-05	Downregulated
P. acidilactici	HN015_05025	-4.2897478938771	3.18979470577369e-05	Downregulated
P. acidilactici	HN015_05990	-4.38935197611414	3.34515824208395e-05	Downregulated
P. acidilactici	HN015_04300	-4.58791227359124	3.43364088935729e-05	Downregulated
P. acidilactici	HN015_05830	-4.33187521655157	3.4361167171489e-05	Downregulated
B. thetaiotaomicron	BT_1675	-2.70328708923854	3.50109172225947e-05	Downregulated
P. acidilactici	HN015_06340	-3.20960348574566	3.51728546420962e-05	Downregulated
P. acidilactici	HN015_05240	-3.62633794921711	3.57324905374465e-05	Downregulated
P. acidilactici	HN015_04660	-2.68430009763294	3.59399403346433e-05	Downregulated
E. coli	b0810	2.01350871866548	3.67539763627531e-05	Upregulated
P. acidilactici	HN015_06015	-3.15607075476062	3.76019260731189e-05	Downregulated
P. acidilactici	HN015_00440	-4.60369716368329	3.78525720623081e-05	Downregulated
E. coli	b1652	2.27040378422901	3.7980459291736e-05	Upregulated
P. acidilactici	HN015_05870	-4.61805272249697	3.80421144737051e-05	Downregulated
E. coli	b1343	2.66054233882078	3.86078256003927e-05	Upregulated
P. acidilactici	HN015_09310	-2.73539431536618	4.00982882667903e-05	Downregulated
P. acidilactici	HN015_04060	-3.43478908757321	4.0382405185467e-05	Downregulated
P. acidilactici	HN015_05680	-3.32573280189385	4.0627077765725e-05	Downregulated
P. acidilactici	HN015_03935	-3.66175630152043	4.13588346962072e-05	Downregulated
P. acidilactici	HN015_07050	-2.92910182707066	4.14706637686759e-05	Downregulated
P. acidilactici	HN015_04975	-2.64883476707923	4.15963326181389e-05	Downregulated
P. acidilactici	HN015_00915	-2.83840265945323	4.17650142812148e-05	Downregulated
E. coli	b0675	2.52673974457398	4.25197907741263e-05	Upregulated
P. acidilactici	HN015_00835	-2.84221425697976	4.26906500615994e-05	Downregulated
P. acidilactici	HN015_06365	-2.72416456423965	4.26906500615994e-05	Downregulated
P. acidilactici	HN015_04265	-2.60655703720285	4.32159267686249e-05	Downregulated
P. acidilactici	HN015_04655	-3.37642445379218	4.32727438733814e-05	Downregulated
E. coli	b2836	2.15234958261121	4.5152063296648e-05	Upregulated
P. acidilactici	HN015_08375	-2.11801549966316	4.66029690697389e-05	Downregulated
E. coli	b4379	2.16112223341413	4.71322004685179e-05	Upregulated
P. acidilactici	HN015_08470	-4.04818744535835	4.77219842207405e-05	Downregulated
P. acidilactici	HN015_04860	-2.59282705223379	4.8702766025799e-05	Downregulated
P. acidilactici	HN015_04190	-2.92735663621651	4.94169410825225e-05	Downregulated
P. acidilactici	HN015_08045	-2.73792204618855	5.09244085450265e-05	Downregulated
P. acidilactici	HN015_05675	-3.63564077360317	5.09664921656939e-05	Downregulated
B. thetaiotaomicron	BT_1244	-2.43077439896864	5.14649321469335e-05	Downregulated
P. acidilactici	HN015_01510	-3.46098384596758	5.29507124257347e-05	Downregulated
E. coli	b1529	2.2348666584677	5.44449766224612e-05	Upregulated
P. acidilactici	HN015_02795	-4.54194400022946	5.71020977484434e-05	Downregulated
P. acidilactici	HN015_01470	-4.80109571303776	5.76163788862795e-05	Downregulated
P. acidilactici	HN015_09960	-3.09289385597565	5.80352736416607e-05	Downregulated
P. acidilactici	HN015_04320	-3.89182020692348	6.05585187583253e-05	Downregulated
P. acidilactici	HN015_05895	-5.28907886484446	6.11778346603093e-05	Downregulated
P. acidilactici	HN015_01340	-3.21929839675161	6.35431485696693e-05	Downregulated
B. thetaiotaomicron	BT_2364	-2.28641067724143	6.35648267913581e-05	Downregulated
B. thetaiotaomicron	BT_3087	-4.76682251004466	6.35648267913581e-05	Downregulated
B. thetaiotaomicron	BT_0779	-2.53202868539102	6.35916842874236e-05	Downregulated
P. acidilactici	HN015_01375	-3.24468869825896	6.40820816491194e-05	Downregulated
P. acidilactici	HN015_03125	-4.04579824566184	6.48615351599909e-05	Downregulated
P. acidilactici	HN015_09040	-5.45196087989046	6.69413408539032e-05	Downregulated
P. acidilactici	HN015_04030	-3.18289113905062	6.73202748045408e-05	Downregulated
P. acidilactici	HN015_06920	-2.78282606326225	6.92204644550758e-05	Downregulated
P. acidilactici	HN015_07520	-3.6109071855573	7.06045828887555e-05	Downregulated
P. acidilactici	HN015_06975	-2.78894311869904	7.06045828887555e-05	Downregulated
E. coli	b2674	3.50492216028909	7.44092725802305e-05	Upregulated
P. acidilactici	HN015_06955	-2.9044426689174	7.44092725802305e-05	Downregulated
E. coli	b2535	2.64900085953116	7.74184775732493e-05	Upregulated
P. acidilactici	HN015_04750	-2.78138798456966	7.75318635966667e-05	Downregulated
E. coli	b0499	-2.61924940403214	7.75318635966667e-05	Downregulated
P. acidilactici	HN015_08510	-3.07553012776509	7.85334769402784e-05	Downregulated
P. acidilactici	HN015_08110	-4.59915453845076	7.86621767232615e-05	Downregulated
B. thetaiotaomicron	BT_1312	-2.77244304316387	8.11265210308188e-05	Downregulated
P. acidilactici	HN015_04050	-3.20154982231015	8.25224849947585e-05	Downregulated
B. thetaiotaomicron	BT_3902	-2.63534986089482	8.2713323390407e-05	Downregulated
L. symbiosum	HMPREF9475_02641	-5.05996064933973	8.3113016868857e-05	Downregulated
P. acidilactici	HN015_09025	-5.8842539288658	8.46034410762214e-05	Downregulated
P. acidilactici	HN015_06945	-2.81797370759382	8.54538621818407e-05	Downregulated
E. coli	b2675	3.48343200999705	8.5974237380622e-05	Upregulated
P. acidilactici	HN015_04685	-2.54408683138265	8.95121158381999e-05	Downregulated
E. coli	b2677	2.53212953101868	8.95121158381999e-05	Upregulated
B. thetaiotaomicron	BT_4615	-2.54073913339714	8.97906907518639e-05	Downregulated
P. acidilactici	HN015_05665	-3.72723418679883	9.23737302257799e-05	Downregulated
P. acidilactici	HN015_02060	-2.88004164002793	9.66663696261127e-05	Downregulated
P. acidilactici	HN015_03095	-2.85828562625418	9.68095136710721e-05	Downregulated
E. coli	b1747	2.96325248833348	9.80904341493017e-05	Upregulated
B. thetaiotaomicron	BT_1393	-2.56100424996691	9.99092987762211e-05	Downregulated
B. thetaiotaomicron	BT_2248	-3.88104891009809	0.000101015103006621	Downregulated
P. acidilactici	HN015_07045	-3.29502449735568	0.000105233872427578	Downregulated
P. acidilactici	HN015_02335	-4.13498163893514	0.000105405216423175	Downregulated
B. thetaiotaomicron	BT_2478	-6.16588282717633	0.000106088728815198	Downregulated
P. acidilactici	HN015_04260	-2.74040445272924	0.000107279291087468	Downregulated
P. acidilactici	HN015_08250	-3.09965038875837	0.000108172152477228	Downregulated
L. symbiosum	HMPREF9475_00699	-2.89359704739308	0.000109010937501442	Downregulated
P. acidilactici	HN015_02190	-3.51583819657371	0.000109665883436255	Downregulated
P. acidilactici	HN015_04620	-4.0343892648792	0.000112936655259252	Downregulated
E. coli	b1059	-2.35810544838071	0.000113023956900964	Downregulated
P. acidilactici	HN015_06050	-2.68880858605274	0.000113049912706684	Downregulated
P. acidilactici	HN015_08210	-3.40609121829513	0.000114492020037802	Downregulated
P. acidilactici	HN015_07240	-2.76300070934963	0.000116590659832077	Downregulated
P. acidilactici	HN015_02845	-2.73131462481878	0.000116678334647658	Downregulated
P. acidilactici	HN015_05790	-3.50909079106208	0.000117425720406354	Downregulated
P. acidilactici	HN015_03875	-3.03248888795851	0.000118388531257357	Downregulated
E. coli	b2020	2.11386391750791	0.000121841444723808	Upregulated
P. acidilactici	HN015_04965	-4.12759831462039	0.000122653840572964	Downregulated
P. acidilactici	HN015_05585	-3.45665757055914	0.000129036390076884	Downregulated
P. acidilactici	HN015_08105	-4.06527891822211	0.000129221590102831	Downregulated
E. coli	b3093	2.14743870573513	0.000131224512539634	Upregulated
B. thetaiotaomicron	BT_1414	-3.14474045660007	0.000131465633875381	Downregulated
P. acidilactici	HN015_04095	-3.79651196978999	0.000133269858842514	Downregulated
P. acidilactici	HN015_08695	-3.85079762375937	0.000134684144336374	Downregulated
B. thetaiotaomicron	BT_1104	-2.87186332303601	0.00013827453086135	Downregulated
E. coli	b0150	2.42539622014394	0.000139753378325382	Upregulated
P. acidilactici	HN015_01820	-3.22801044695579	0.000139861800887171	Downregulated
P. acidilactici	HN015_05865	-3.47647454008993	0.000140113374191314	Downregulated
P. acidilactici	HN015_04295	-3.43594424350866	0.000140271401802558	Downregulated
P. acidilactici	HN015_06290	-2.39840964933015	0.000140582684113454	Downregulated
P. acidilactici	HN015_05130	-2.6491756693968	0.000141082421824124	Downregulated
E. coli	b0593	3.43061212287928	0.000141177497126079	Upregulated
P. acidilactici	HN015_08420	-3.44691983078793	0.000143267636692657	Downregulated
E. coli	b2149	3.22553582308188	0.000143971078967831	Upregulated
P. acidilactici	HN015_01345	-2.86620895371907	0.000147495165253522	Downregulated
B. thetaiotaomicron	BT_3088	-6.34252234919944	0.000149095239424458	Downregulated
P. acidilactici	HN015_01035	-2.40911984792028	0.000151547795653385	Downregulated
P. acidilactici	HN015_03690	-4.48568895639395	0.00015492746031894	Downregulated
E. coli	b4485	2.78818076845433	0.000156588262413473	Upregulated
P. acidilactici	HN015_04415	-2.5874191041458	0.000158752622802944	Downregulated
B. thetaiotaomicron	BT_2104	-3.08277969528509	0.00015894428914464	Downregulated
P. acidilactici	HN015_00860	-3.55260453823906	0.000159142480412508	Downregulated
P. acidilactici	HN015_06725	-2.76779662748776	0.000161309744977103	Downregulated
P. acidilactici	HN015_05835	-3.91534917811774	0.000162483880382745	Downregulated
P. acidilactici	HN015_05610	-2.40784506792882	0.000162544919726004	Downregulated
P. acidilactici	HN015_07925	-2.73975627541875	0.000162591105071583	Downregulated
P. acidilactici	HN015_03835	-2.62735792562296	0.000164407432550243	Downregulated
P. acidilactici	HN015_06300	-2.79882920900317	0.000164500587547435	Downregulated
P. acidilactici	HN015_01635	-4.00066717064237	0.000167939860250416	Downregulated
P. acidilactici	HN015_04650	-2.89169945759538	0.000172539790664221	Downregulated
E. coli	b4652	-3.39124224442739	0.000174788558375668	Downregulated
P. acidilactici	HN015_02810	-3.57759733348312	0.000175455137451036	Downregulated
P. acidilactici	HN015_07525	-4.51634099170514	0.000177882601991997	Downregulated
P. acidilactici	HN015_06680	-3.07134527658747	0.000177979183564038	Downregulated
B. thetaiotaomicron	BT_3089	-5.85798174781566	0.000178438430857932	Downregulated
P. acidilactici	HN015_01855	-2.45721194120014	0.00017871555585889	Downregulated
P. acidilactici	HN015_04250	-2.71887945825888	0.000180096965011089	Downregulated
P. acidilactici	HN015_01625	-3.29947229873771	0.0001809158288163	Downregulated
P. acidilactici	HN015_06550	-5.94615401336219	0.00018223573387545	Downregulated
P. acidilactici	HN015_06335	-4.15779146667262	0.000183388016493144	Downregulated
B. thetaiotaomicron	BT_0678	-3.41855533108029	0.000184516297575145	Downregulated
E. coli	b1885	3.6149370058936	0.000187356146289988	Upregulated
B. thetaiotaomicron	BT_1046	-3.45321166284854	0.000191462998049174	Downregulated
P. acidilactici	HN015_00850	-2.55449782464127	0.000196704606403957	Downregulated
P. acidilactici	HN015_05150	-2.87560457383186	0.000198579729804558	Downregulated
P. acidilactici	HN015_01840	-2.70857333144443	0.000198836764473603	Downregulated
B. thetaiotaomicron	BT_2665	-3.18835446673062	0.000199833039181568	Downregulated
P. acidilactici	HN015_08425	-2.77211809125884	0.000202852937740492	Downregulated
P. acidilactici	HN015_06820	-2.99170838563209	0.000204822516959197	Downregulated
E. coli	b2724	2.85837368157785	0.000206754566648208	Upregulated
P. acidilactici	HN015_02115	-4.00286311016925	0.000208638068658464	Downregulated
P. acidilactici	HN015_03850	-3.64010984335512	0.000209568117008806	Downregulated
P. acidilactici	HN015_04010	-3.30933809425758	0.000211081382500247	Downregulated
P. acidilactici	HN015_06320	-2.87695655050798	0.000213731905671635	Downregulated
E. coli	b1748	3.10880049043179	0.000215609301123435	Upregulated
P. acidilactici	HN015_09195	-2.69001689318866	0.00021990176211615	Downregulated
L. symbiosum	HMPREF9475_00698	-2.14475621859189	0.000220094959669991	Downregulated
E. coli	b2668	4.51870322500659	0.00022073636000099	Upregulated
P. acidilactici	HN015_08160	-3.56843204743972	0.000221417380852919	Downregulated
P. acidilactici	HN015_03830	-2.57898420463533	0.000224506743667799	Downregulated
P. acidilactici	HN015_04425	-2.71564969112888	0.000226855051495722	Downregulated
P. acidilactici	HN015_07200	-2.58183212508389	0.000229828086250006	Downregulated
B. thetaiotaomicron	BT_1074	-2.48520391875735	0.0002307831226378	Downregulated
P. acidilactici	HN015_07110	-2.66915225102592	0.000236362607905073	Downregulated
P. acidilactici	HN015_04760	-3.82235087043398	0.000240359392892934	Downregulated
B. thetaiotaomicron	BT_2667	-3.75155576189705	0.000242914807919466	Downregulated
P. acidilactici	HN015_00215	-3.21632031000571	0.000247446584866226	Downregulated
P. acidilactici	HN015_00055	-3.80809862201921	0.00024749747621981	Downregulated
P. acidilactici	HN015_01000	-3.9821059777706	0.00024749747621981	Downregulated
E. coli	b2130	2.64908907063548	0.000248420179318585	Upregulated
B. thetaiotaomicron	BT_2666	-3.50623872677643	0.000256009458276144	Downregulated
E. coli	b3048	-2.13726451380727	0.000256323198972689	Downregulated
P. acidilactici	HN015_06220	-3.54544302585776	0.000259163484213751	Downregulated
P. acidilactici	HN015_00005	-3.64079296172769	0.000271014349386817	Downregulated
P. acidilactici	HN015_08865	-2.85550673987889	0.000281656137920411	Downregulated
P. acidilactici	HN015_06065	-2.54115222326838	0.000283011672725555	Downregulated
P. acidilactici	HN015_07845	-3.45114842436353	0.000284465725223668	Downregulated
P. acidilactici	HN015_06160	-2.84380012965288	0.000288872486688456	Downregulated
B. thetaiotaomicron	BT_1371	-2.87017650852242	0.000292653699171052	Downregulated
P. acidilactici	HN015_06110	-2.91291237948007	0.000294422398555568	Downregulated
P. acidilactici	HN015_05800	-3.04023762802661	0.000300780223832542	Downregulated
P. acidilactici	HN015_09020	-4.85511584966676	0.000301592607951776	Downregulated
P. acidilactici	HN015_06150	-2.74242390006809	0.000302008600059194	Downregulated
P. acidilactici	HN015_01615	-4.15323656687851	0.000314244640255438	Downregulated
P. acidilactici	HN015_05715	-2.94904864923206	0.000315487802688658	Downregulated
P. acidilactici	HN015_06470	-2.56931351303842	0.000322653174357641	Downregulated
P. acidilactici	HN015_05115	-2.97514023239691	0.000322653174357641	Downregulated
P. acidilactici	HN015_03970	-3.30038929834278	0.000326706757403181	Downregulated
P. acidilactici	HN015_04985	-2.49558299267659	0.000331381968661821	Downregulated
P. acidilactici	HN015_01690	-3.53597796152259	0.000332185476500284	Downregulated
P. acidilactici	HN015_08460	-3.59785171847254	0.000332185476500284	Downregulated
P. acidilactici	HN015_00445	-4.89318335708995	0.000333431021675966	Downregulated
P. acidilactici	HN015_08130	-3.54979437552409	0.000336163037919601	Downregulated
P. acidilactici	HN015_06655	-3.721627835012	0.000337348229164604	Downregulated
P. acidilactici	HN015_01990	-3.24831788167153	0.000338122853163045	Downregulated
P. acidilactici	HN015_02210	-2.27347800850404	0.00033976385902509	Downregulated
P. acidilactici	HN015_06000	-2.89728932378533	0.000347572509809159	Downregulated
P. acidilactici	HN015_06645	-2.72390701734502	0.000349796746927773	Downregulated
P. acidilactici	HN015_00990	-2.98066680007576	0.000352644961157627	Downregulated
P. acidilactici	HN015_09555	-3.30955758726766	0.000352644961157627	Downregulated
B. thetaiotaomicron	BT_2475	-7.11389901391385	0.000353680786346918	Downregulated
P. acidilactici	HN015_01545	-4.3274497749165	0.000354718893847864	Downregulated
E. coli	b0643	2.08426621843787	0.000360055670575375	Upregulated
P. acidilactici	HN015_06825	-2.9200438538927	0.000362641425202598	Downregulated
B. thetaiotaomicron	BT_3103	-2.61626013926847	0.000366595911137012	Downregulated
P. acidilactici	HN015_08030	-2.64607988456001	0.00037275513478625	Downregulated
P. acidilactici	HN015_08150	-2.7889216123943	0.000375541830757704	Downregulated
P. acidilactici	HN015_09925	-2.41120870833436	0.000376081682856344	Downregulated
L. symbiosum	HMPREF9475_03480	-2.66234951431816	0.000376220760607669	Downregulated
P. acidilactici	HN015_01455	-3.78454905270808	0.000376438939684933	Downregulated
P. acidilactici	HN015_02555	-2.5095278666913	0.000382571856636668	Downregulated
P. acidilactici	HN015_01850	-2.48618115141357	0.000382738631201216	Downregulated
P. acidilactici	HN015_00330	-3.0307022982737	0.000382754082057601	Downregulated
B. thetaiotaomicron	BT_1811	-2.56972554866812	0.000382885702598587	Downregulated
P. acidilactici	HN015_02090	-2.60209982321481	0.000392172031303545	Downregulated
P. acidilactici	HN015_09050	-2.63432616695158	0.000393505862060061	Downregulated
E. coli	b1892	2.11040032420189	0.000399121813454351	Upregulated
P. acidilactici	HN015_01515	-3.16435780643722	0.00040108345383083	Downregulated
E. coli	b4227	2.16008989809251	0.00040108345383083	Upregulated
P. acidilactici	HN015_08055	-3.74967103599837	0.000407709190231535	Downregulated
P. acidilactici	HN015_08845	-2.55884127353055	0.000412801959732234	Downregulated
P. acidilactici	HN015_04895	-4.01432969397817	0.000415276269520343	Downregulated
P. acidilactici	HN015_02840	-2.80298628003393	0.000426614703721027	Downregulated
P. acidilactici	HN015_01385	-2.58572782517394	0.000427009007136029	Downregulated
B. thetaiotaomicron	BT_3411	-2.45137699573196	0.000427252636763331	Downregulated
E. coli	b2465	2.07304508616993	0.000427252636763331	Upregulated
P. acidilactici	HN015_06845	-2.34040572151038	0.00042840604146511	Downregulated
P. acidilactici	HN015_06740	-2.71825120115055	0.000430806213784841	Downregulated
P. acidilactici	HN015_08645	-2.33570685144874	0.000431884617535747	Downregulated
P. acidilactici	HN015_02170	-3.25833926994803	0.000446936975654144	Downregulated
P. acidilactici	HN015_03810	-3.54105879198492	0.000450168058349513	Downregulated
P. acidilactici	HN015_02800	-3.66957690550541	0.000454381834501261	Downregulated
E. coli	b1886	3.13556887618471	0.000456229495483875	Upregulated
P. acidilactici	HN015_07490	-3.08035075473879	0.000460443298664037	Downregulated
P. acidilactici	HN015_05600	-2.98398768015426	0.000460443298664037	Downregulated
E. coli	b2021	2.00729393276649	0.000465762722674197	Upregulated
P. acidilactici	HN015_05620	-2.8882464430959	0.000471143761200394	Downregulated
B. thetaiotaomicron	BT_4411	-3.89829878513463	0.000473138119939483	Downregulated
P. acidilactici	HN015_05095	-6.02522112305272	0.000475773475684389	Downregulated
P. acidilactici	HN015_09570	-3.42321973221125	0.000476682604387475	Downregulated
P. acidilactici	HN015_02295	-6.92087130221303	0.00048301949037718	Downregulated
P. acidilactici	HN015_02575	-3.22026206956778	0.000485534311337698	Downregulated
P. acidilactici	HN015_08610	-3.08790675066781	0.000486791650256461	Downregulated
E. coli	b2150	2.3734062312496	0.000496480905133344	Upregulated
P. acidilactici	HN015_08455	-2.64964881796353	0.000497704988889823	Downregulated
P. acidilactici	HN015_05760	-2.33611702914499	0.000499220734358564	Downregulated
P. acidilactici	HN015_02860	-2.4801645455175	0.000503316373692631	Downregulated
E. coli	b4567	4.8118142994347	0.000503358193089294	Upregulated
P. acidilactici	HN015_06685	-3.01097517381429	0.000506082002280628	Downregulated
P. acidilactici	HN015_08015	-2.35734939118522	0.000509025287302768	Downregulated
E. coli	b1530	2.60916891103187	0.000528527122810222	Upregulated
P. acidilactici	HN015_01155	-3.05456761271956	0.000543714517463714	Downregulated
B. thetaiotaomicron	BT_1106	-3.0231184548884	0.000543958370015806	Downregulated
P. acidilactici	HN015_00585	-4.15018928874007	0.000548223678399219	Downregulated
E. coli	b4291	2.21990858221664	0.000551616379590318	Upregulated
P. acidilactici	HN015_04605	-3.04089149220948	0.000551912037515209	Downregulated
E. coli	b2146	2.03588358642169	0.000558146222831339	Upregulated
P. acidilactici	HN015_08440	-2.98530805373055	0.000560518616781247	Downregulated
P. acidilactici	HN015_03120	-3.38462405395194	0.000563731550196745	Downregulated
P. acidilactici	HN015_04175	-3.03332859416584	0.000586106123760906	Downregulated
P. acidilactici	HN015_05815	-2.36196324122921	0.000587569887441777	Downregulated
E. coli	b1807	2.2460540738792	0.000589651063845278	Upregulated
P. acidilactici	HN015_01575	-3.05220337723101	0.000591756235972159	Downregulated
P. acidilactici	HN015_01775	-2.79556115550233	0.000596035838605047	Downregulated
P. acidilactici	HN015_00855	-2.84607874904554	0.000597700119335671	Downregulated
P. acidilactici	HN015_06970	-3.20875289137371	0.000600409788857187	Downregulated
P. acidilactici	HN015_03400	-4.06282027758987	0.000613532413286619	Downregulated
P. acidilactici	HN015_01475	-2.22972235777523	0.000614494353254649	Downregulated
P. acidilactici	HN015_02155	-2.61773341309677	0.000622298073486436	Downregulated
P. acidilactici	HN015_08165	-3.03477779922406	0.000631756034782543	Downregulated
E. coli	b2673	2.74074216375318	0.000635248641486522	Upregulated
P. acidilactici	HN015_08430	-3.13551224687903	0.000636390236223467	Downregulated
P. acidilactici	HN015_08215	-3.05059168554647	0.000650499724575688	Downregulated
E. coli	b3555	2.05452061324263	0.000654674488360663	Upregulated
P. acidilactici	HN015_05535	-4.05375318025325	0.000657644552365587	Downregulated
P. acidilactici	HN015_09660	-4.56946575084239	0.000670302477707932	Downregulated
P. acidilactici	HN015_02150	-2.83330491471456	0.000674607169959336	Downregulated
B. thetaiotaomicron	BT_0581	-3.95419216575918	0.000678170437392828	Downregulated
P. acidilactici	HN015_02835	-3.7516128838519	0.00068508413559401	Downregulated
P. acidilactici	HN015_04375	-3.40660932095279	0.000694997167621505	Downregulated
E. coli	b3400	-2.82374930834338	0.000702700425592209	Downregulated
E. coli	b1783	2.24570954720415	0.000702789459492325	Upregulated
P. acidilactici	HN015_00995	-2.85025268165325	0.000705472583892166	Downregulated
B. thetaiotaomicron	BT_4597	-2.07824492152259	0.000717279387448375	Downregulated
E. coli	b2097	2.16422393304225	0.000718769105033178	Upregulated
P. acidilactici	HN015_04855	-3.79736538515436	0.000718832513310242	Downregulated
P. acidilactici	HN015_08945	-3.01878731033268	0.000718983943516605	Downregulated
P. acidilactici	HN015_04740	-3.1880259516163	0.000719079155544901	Downregulated
E. coli	b0707	2.49690151018839	0.000728614645354525	Upregulated
B. breve	BBBR_1417	2.21220672021967	0.000737969529319301	Upregulated
E. coli	b3588	2.71067665032268	0.000738606356432757	Upregulated
B. thetaiotaomicron	BT_1035	-2.53593721655237	0.000741786415520597	Downregulated
P. acidilactici	HN015_07695	-2.69991509258114	0.000745063590823531	Downregulated
P. acidilactici	HN015_02595	-4.01255681103093	0.00076357058013167	Downregulated
P. acidilactici	HN015_05090	-2.34383929746274	0.000765005049656027	Downregulated
B. breve	BBBR_0114	-2.24859033368981	0.000776228474756811	Downregulated
E. coli	b0789	2.03767439511722	0.000778803642761702	Upregulated
P. acidilactici	HN015_01480	-2.32571519383351	0.000781230212750527	Downregulated
P. acidilactici	HN015_03515	-2.48089415208054	0.000782834419598687	Downregulated
B. thetaiotaomicron	BT_3774	-2.50198564888601	0.000798888138143702	Downregulated
P. acidilactici	HN015_03110	-2.50307767846705	0.000800591979066023	Downregulated
P. acidilactici	HN015_04405	-3.11172401421997	0.00080739968988628	Downregulated
P. acidilactici	HN015_04000	-3.3273817989305	0.000819793571491366	Downregulated
P. acidilactici	HN015_02815	-2.03148502539943	0.000821338948992408	Downregulated
P. acidilactici	HN015_05780	-2.67854875784157	0.000822967941619238	Downregulated
P. acidilactici	HN015_04385	-2.97704282622279	0.000827953980332665	Downregulated
B. thetaiotaomicron	BT_3086	-4.10593526659531	0.000852961964917952	Downregulated
P. acidilactici	HN015_08730	-3.52834429680463	0.000853249175082594	Downregulated
B. thetaiotaomicron	BT_0712	-2.73454889234642	0.000866734583348447	Downregulated
E. coli	b0590	2.10265035511303	0.00087588721039431	Upregulated
P. acidilactici	HN015_00615	-3.91719140515814	0.000903125234554779	Downregulated
B. thetaiotaomicron	BT_2146	-2.18872085382128	0.000927467654361971	Downregulated
P. acidilactici	HN015_05725	-3.24841598651996	0.000929563328474764	Downregulated
P. acidilactici	HN015_06040	-4.49630327630963	0.000946594512295898	Downregulated
P. acidilactici	HN015_08890	-3.47908487175198	0.000948827510440274	Downregulated
E. coli	b2723	2.07548091792146	0.00096778128334337	Upregulated
P. acidilactici	HN015_06670	-2.75513311241737	0.00097515637894734	Downregulated
P. acidilactici	HN015_03780	-2.81147372296497	0.000992165491864747	Downregulated
P. acidilactici	HN015_01040	-2.88822267404153	0.00100890143916363	Downregulated
P. acidilactici	HN015_00375	-4.43193556910215	0.00102644545578707	Downregulated
P. acidilactici	HN015_08635	-3.96180097645745	0.00102682210221246	Downregulated
P. acidilactici	HN015_01880	-2.85180907691932	0.00103059453926571	Downregulated
P. acidilactici	HN015_05745	-3.52262605445232	0.00104874466433406	Downregulated
P. acidilactici	HN015_07910	-3.16985567458647	0.00106060569867859	Downregulated
P. acidilactici	HN015_03890	-3.12259358580936	0.00106255074874972	Downregulated
B. thetaiotaomicron	BT_3129	-2.38390333963937	0.00106593781077413	Downregulated
P. acidilactici	HN015_03800	-4.5657076959206	0.00107279204155869	Downregulated
P. acidilactici	HN015_02080	-2.93829315898665	0.00107543688651216	Downregulated
P. acidilactici	HN015_01790	-2.85800009459145	0.00107695361095372	Downregulated
E. coli	b4149	2.52109334826882	0.00108019607677989	Upregulated
P. acidilactici	HN015_07475	-2.3868872636941	0.00111748708540132	Downregulated
P. acidilactici	HN015_06880	-2.45983311842363	0.0011198204886286	Downregulated
B. thetaiotaomicron	BT_1477	-2.25313739511477	0.00114082535640306	Downregulated
P. acidilactici	HN015_06715	-3.10523188801241	0.00114156761705905	Downregulated
B. thetaiotaomicron	BT_2067	-3.16774750335411	0.00114985320750592	Downregulated
E. coli	b0990	2.21940371733512	0.00116369781937977	Upregulated
P. acidilactici	HN015_00570	-4.50151252780861	0.00116529757101363	Downregulated
P. acidilactici	HN015_01050	-3.0487444261402	0.00117157823363343	Downregulated
P. acidilactici	HN015_07785	-2.38055593808701	0.00121093428713504	Downregulated
B. thetaiotaomicron	BT_1819	-2.03219155187343	0.00121788432252799	Downregulated
P. acidilactici	HN015_06390	-5.02549193149515	0.00123165263802322	Downregulated
P. acidilactici	HN015_05930	-3.29539249487368	0.00123165263802322	Downregulated
E. coli	b3401	-2.41549075852283	0.00123814788301363	Downregulated
P. acidilactici	HN015_02075	-2.32819956147943	0.00124094815322742	Downregulated
E. coli	b2082	-2.04523958923846	0.00124653115036931	Downregulated
P. acidilactici	HN015_08615	-3.68436581838857	0.00125066872729417	Downregulated
P. acidilactici	HN015_01805	-3.70628476941988	0.00125459897830719	Downregulated
P. acidilactici	HN015_07065	-6.03488311720369	0.00126654272379591	Downregulated
B. breve	BBBR_1902	2.33915249176589	0.00126672421846794	Upregulated
P. acidilactici	HN015_08265	-2.39645519089202	0.00127006203507468	Downregulated
P. acidilactici	HN015_05000	-2.48480852683131	0.00127707405087401	Downregulated
E. coli	b2151	3.04802404060589	0.00129917689280861	Upregulated
P. acidilactici	HN015_06315	-2.79062675992855	0.00129933450189293	Downregulated
E. coli	b4293	2.67152631436863	0.00129945747800882	Upregulated
E. coli	b4092	2.63451954973572	0.00130359318929619	Upregulated
P. acidilactici	HN015_05775	-2.61212533794999	0.00130633718995035	Downregulated
P. acidilactici	HN015_04955	-3.69362845229361	0.00131127731686845	Downregulated
P. acidilactici	HN015_06875	-4.08581774483167	0.00131414135747008	Downregulated
P. acidilactici	HN015_07800	-3.84294088465286	0.00131474971017875	Downregulated
P. acidilactici	HN015_00545	-3.74471757342834	0.00132775916171001	Downregulated
B. thetaiotaomicron	BT_3911	-2.52085656076101	0.00133066119024514	Downregulated
E. coli	b0585	2.74386434531714	0.0013318579617732	Upregulated
L. symbiosum	HMPREF9475_04125	-2.63190142412504	0.00133394620559084	Downregulated
P. acidilactici	HN015_09790	-4.35097727818157	0.0013350494663955	Downregulated
E. coli	b1889	4.63922766048396	0.00133623456593458	Upregulated
P. acidilactici	HN015_04400	-3.06736404463474	0.00135852059055101	Downregulated
L. symbiosum	HMPREF9475_02643	-4.02115603510282	0.00135899654802639	Downregulated
P. acidilactici	HN015_05805	-3.57818812595502	0.00135899654802639	Downregulated
P. acidilactici	HN015_01770	-3.91293949102892	0.00136914528337209	Downregulated
P. acidilactici	HN015_06210	-3.65127785363	0.00137385579248219	Downregulated
P. acidilactici	HN015_06045	-3.06266816150619	0.00137987111803914	Downregulated
P. acidilactici	HN015_09665	-2.73135136839825	0.00137987111803914	Downregulated
P. acidilactici	HN015_07485	-3.92932513441386	0.00140972274097661	Downregulated
P. acidilactici	HN015_07515	-3.02548145511997	0.00141392381882375	Downregulated
E. coli	b2464	2.09760604949259	0.00141580783457102	Upregulated
E. coli	b0592	2.41983344790033	0.00141998120514535	Upregulated
P. acidilactici	HN015_03950	-2.13961766628778	0.00142412975094433	Downregulated
P. acidilactici	HN015_07625	-2.35701495350668	0.00142412975094433	Downregulated
P. acidilactici	HN015_04040	-2.71852242635166	0.00143080247188761	Downregulated
P. acidilactici	HN015_05070	-2.72157857448054	0.0014371321972686	Downregulated
P. acidilactici	HN015_09305	-2.67779526917596	0.00145800832233981	Downregulated
E. coli	b3680	-2.60909440061354	0.00146797545036607	Downregulated
E. coli	b0278	-2.37822803265489	0.00149100384613904	Downregulated
P. acidilactici	HN015_09275	-3.72478648200614	0.00151631537721579	Downregulated
P. acidilactici	HN015_06215	-3.02130486458615	0.00152586195452191	Downregulated
P. acidilactici	HN015_01985	-2.83067297370743	0.0015681976895599	Downregulated
P. acidilactici	HN015_03415	-2.92412816392711	0.00158597574175809	Downregulated
P. acidilactici	HN015_07685	-3.11857256489861	0.00158644727190997	Downregulated
B. thetaiotaomicron	BT_1339	-2.57842333184793	0.00159838489579356	Downregulated
P. acidilactici	HN015_06385	-3.17114026691402	0.00162667414722657	Downregulated
B. thetaiotaomicron	BT_0898	-2.32084139970562	0.00162667414722657	Downregulated
B. thetaiotaomicron	BT_2664	-3.37488446283432	0.00163623047067068	Downregulated
P. acidilactici	HN015_02045	-2.45807738531358	0.00163694630866803	Downregulated
P. acidilactici	HN015_08575	-2.47880445457436	0.00165857654677746	Downregulated
B. thetaiotaomicron	BT_3328	-3.17919702648544	0.00166158216141797	Downregulated
P. acidilactici	HN015_00210	-4.31662227234949	0.00167315861740176	Downregulated
B. thetaiotaomicron	BT_0255	-2.84296591998171	0.00168066426803945	Downregulated
P. acidilactici	HN015_06950	-2.68626728650536	0.00168127580800643	Downregulated
P. acidilactici	HN015_07900	-2.17332282569883	0.00168425135707197	Downregulated
P. acidilactici	HN015_03855	-3.22444337515527	0.00170042319386953	Downregulated
P. acidilactici	HN015_00535	-4.54495071623754	0.00171671233668445	Downregulated
B. thetaiotaomicron	BT_0679	-2.71490617370711	0.00176498648345094	Downregulated
P. acidilactici	HN015_06535	-2.59748927042425	0.00178055681224915	Downregulated
P. acidilactici	HN015_04200	-2.59396204834996	0.00179571324107898	Downregulated
P. acidilactici	HN015_06080	-2.86797515976054	0.00181343986655062	Downregulated
E. coli	b4237	2.83262649181328	0.00183354279181824	Upregulated
P. acidilactici	HN015_08935	-3.05123761794823	0.00187175799281044	Downregulated
P. acidilactici	HN015_08725	-3.81139030835281	0.00188512955079555	Downregulated
B. thetaiotaomicron	BT_2155	-2.08771019090346	0.001922801802388	Downregulated
P. acidilactici	HN015_00975	-3.50163219015476	0.00192632501002758	Downregulated
P. acidilactici	HN015_00070	-2.53058118177356	0.00193128077494746	Downregulated
P. acidilactici	HN015_04270	-2.60076811420285	0.00194080562443227	Downregulated
P. acidilactici	HN015_08020	-2.51773033386504	0.00194797427865697	Downregulated
E. coli	b3073	2.65292263334213	0.00196275771145989	Upregulated
P. acidilactici	HN015_05630	-2.00537426096593	0.00197470594098487	Downregulated
B. thetaiotaomicron	BT_1105	-2.95554241060655	0.00199303272930949	Downregulated
P. acidilactici	HN015_07465	-2.49384964932372	0.00202780890560475	Downregulated
B. thetaiotaomicron	BT_0498	-3.26710172229166	0.00203447669542131	Downregulated
P. acidilactici	HN015_07495	-2.37795464048575	0.00204565513884266	Downregulated
L. symbiosum	HMPREF9475_00206	4.2957339694741	0.00206215278227304	Upregulated
L. symbiosum	HMPREF9475_01725	-2.15602244745214	0.00208115756662881	Downregulated
E. coli	b1923	2.34395566658391	0.00209997727031703	Upregulated
P. acidilactici	HN015_04135	-2.9007443322098	0.00213343875221472	Downregulated
P. acidilactici	HN015_00025	-2.28747985981381	0.00216747053092537	Downregulated
P. acidilactici	HN015_03825	-2.52463240649146	0.00217692758335791	Downregulated
B. thetaiotaomicron	BT_1757	-2.11155183063024	0.00218414308788113	Downregulated
P. acidilactici	HN015_01085	-3.16057162513949	0.00219260313574196	Downregulated
B. thetaiotaomicron	BT_0221	-2.96272329670963	0.00219359658920988	Downregulated
P. acidilactici	HN015_01955	-3.73538528271179	0.00220371955836929	Downregulated
B. thetaiotaomicron	BT_2762	-2.23866601901257	0.00222282632628766	Downregulated
P. acidilactici	HN015_01610	-4.77673681153692	0.00225845204327731	Downregulated
P. acidilactici	HN015_00520	-3.95541844334406	0.0022657831896134	Downregulated
B. thetaiotaomicron	BT_4394	-2.63679568191833	0.00229267830310498	Downregulated
B. breve	BBBR_0712	2.09339738728204	0.00229603775840479	Upregulated
P. acidilactici	HN015_06795	-2.70734134893577	0.00234804260256239	Downregulated
P. acidilactici	HN015_07590	-2.18986446213428	0.0023491575526222	Downregulated
P. acidilactici	HN015_04910	-2.88971221907482	0.00235465131175962	Downregulated
P. acidilactici	HN015_01505	-4.35754994846757	0.00242805659149468	Downregulated
P. acidilactici	HN015_01570	-3.36912911212429	0.00243474282476697	Downregulated
E. coli	b2508	2.13302609357038	0.00243474282476697	Upregulated
E. coli	b0375	-2.42449063004596	0.00244460980068322	Downregulated
E. coli	b3708	2.68200268192379	0.00246981299194671	Upregulated
P. acidilactici	HN015_04395	-3.21191477010667	0.00249241793569889	Downregulated
E. coli	b3006	2.06279715453335	0.00254409449900634	Upregulated
P. acidilactici	HN015_04390	-2.86652066109667	0.00255909792826151	Downregulated
L. symbiosum	HMPREF9475_00617	-2.79635285595182	0.0025673261251505	Downregulated
P. acidilactici	HN015_06565	-2.36036902379907	0.0025673261251505	Downregulated
E. coli	b1599	3.42948568450873	0.00257866398513847	Upregulated
P. acidilactici	HN015_01355	-3.69541142698119	0.00259007020620674	Downregulated
E. coli	b1650	2.33361674058254	0.00259007020620674	Upregulated
P. acidilactici	HN015_05945	-2.21153023564144	0.0026238709138248	Downregulated
B. thetaiotaomicron	BT_2690	-3.03495009151829	0.0026365462767943	Downregulated
P. acidilactici	HN015_09285	-2.62765551304751	0.00265948628739753	Downregulated
E. coli	b1523	2.77034181910267	0.00266222211306961	Upregulated
P. acidilactici	HN015_04090	-3.1742444015012	0.0026967232741486	Downregulated
B. thetaiotaomicron	BT_1373	-2.29020718173801	0.00271213902242265	Downregulated
P. acidilactici	HN015_03930	-3.47396580446366	0.00271213902242265	Downregulated
B. thetaiotaomicron	BT_2019	-2.88771171728847	0.00272643489585177	Downregulated
P. acidilactici	HN015_07850	-2.70218574893805	0.0027561254427732	Downregulated
P. acidilactici	HN015_01140	-2.39168210315424	0.00281701011710203	Downregulated
B. thetaiotaomicron	BT_2167	-2.12161221118258	0.00282321802687661	Downregulated
P. acidilactici	HN015_07135	-2.20427452835608	0.00283280817979326	Downregulated
P. acidilactici	HN015_08400	-2.79056943572739	0.00283308837544796	Downregulated
B. thetaiotaomicron	BT_3518	-2.36420016904492	0.0028514987863758	Downregulated
P. acidilactici	HN015_01540	-3.02587598717123	0.00286686120067903	Downregulated
P. acidilactici	HN015_08475	-2.649005877308	0.00289454476236817	Downregulated
P. acidilactici	HN015_03805	-2.64772482233499	0.00291805412184792	Downregulated
P. acidilactici	HN015_04410	-3.41820865258561	0.00291805412184792	Downregulated
P. acidilactici	HN015_05750	-2.20190044411789	0.00299540122367222	Downregulated
E. coli	b2663	2.6190698565336	0.00300039399813989	Upregulated
B. thetaiotaomicron	BT_1042	-2.44044628315959	0.00301217796599135	Downregulated
P. acidilactici	HN015_08735	-4.54954676139833	0.00305176057652648	Downregulated
P. acidilactici	HN015_08120	-3.06397154385463	0.00305571120362551	Downregulated
P. acidilactici	HN015_00555	-2.28947982510711	0.00319304704128358	Downregulated
P. acidilactici	HN015_09230	-2.39214281081154	0.00319985529499251	Downregulated
P. acidilactici	HN015_06230	-2.79806372497395	0.00321202641271962	Downregulated
P. acidilactici	HN015_02325	-3.06425311484075	0.00321985776755569	Downregulated
B. thetaiotaomicron	BT_1749	5.02317122521918	0.00322396230597163	Upregulated
E. coli	b2676	2.6797256777044	0.0032337736020262	Upregulated
P. acidilactici	HN015_05530	-3.40495855139098	0.00326725573179173	Downregulated
B. thetaiotaomicron	BT_0869	-2.35412486315474	0.00327511567411166	Downregulated
P. acidilactici	HN015_06055	-2.1150191479478	0.00327612515193525	Downregulated
P. acidilactici	HN015_05995	-2.42112114411636	0.00329308021538321	Downregulated
P. acidilactici	HN015_04960	-3.54444732569343	0.00331668004054712	Downregulated
P. acidilactici	HN015_04310	-2.99572614767111	0.00334225101405121	Downregulated
B. thetaiotaomicron	BT_0777	-2.1227279868301	0.00338379415082993	Downregulated
P. acidilactici	HN015_08465	-3.03062464799082	0.00344245636657063	Downregulated
P. acidilactici	HN015_01830	-3.10172403496364	0.00346450437564793	Downregulated
P. acidilactici	HN015_07790	-2.18514776623755	0.00349364672730193	Downregulated
P. acidilactici	HN015_01905	-3.27238795850627	0.00350930104631576	Downregulated
B. thetaiotaomicron	BT_0711	-2.19824518524673	0.00351262708477317	Downregulated
P. acidilactici	HN015_09670	-2.25221337826112	0.00356168601860138	Downregulated
P. acidilactici	HN015_05705	-5.57579905480382	0.00356435503277937	Downregulated
L. symbiosum	HMPREF9475_00612	-2.88591118273121	0.00356559906247399	Downregulated
P. acidilactici	HN015_03960	-2.27767695307589	0.00356559906247399	Downregulated
B. thetaiotaomicron	BT_2369	-2.15578976920019	0.00357993233958074	Downregulated
B. thetaiotaomicron	BT_4675	-2.34270263625178	0.00372001153053293	Downregulated
B. thetaiotaomicron	BT_0325	-2.2951903410014	0.00376320275116453	Downregulated
B. thetaiotaomicron	BT_0519	-2.36933145644942	0.00376734800077015	Downregulated
P. acidilactici	HN015_05985	-2.53831559879074	0.00376757476083286	Downregulated
P. acidilactici	HN015_09360	-3.51208185464842	0.00377628982006919	Downregulated
B. thetaiotaomicron	BT_1047	-3.29369961835931	0.00378588942032105	Downregulated
P. acidilactici	HN015_08640	-3.89454899403302	0.00378588942032105	Downregulated
P. acidilactici	HN015_04345	-2.78959213494579	0.00382305723808238	Downregulated
P. acidilactici	HN015_01810	-3.53112901381304	0.00384483661286469	Downregulated
B. thetaiotaomicron	BT_1050	-2.87485629423976	0.00392913842942917	Downregulated
E. coli	b3324	-2.02676687856406	0.0040017862765493	Downregulated
E. coli	b2903	2.08058326474785	0.00406142885179122	Upregulated
P. acidilactici	HN015_01405	-2.57892283844708	0.00408024536861643	Downregulated
P. acidilactici	HN015_03020	-2.51546637950891	0.00419009644375149	Downregulated
L. symbiosum	HMPREF9475_00614	-2.66710901194785	0.00420392891575446	Downregulated
P. acidilactici	HN015_01145	-2.86656737717617	0.00420606030032293	Downregulated
E. coli	b1924	2.57460695313706	0.00422549026586175	Upregulated
B. thetaiotaomicron	BT_0704	-2.41455526583456	0.00424105693854061	Downregulated
P. acidilactici	HN015_04195	-2.5703225061386	0.00425880594451862	Downregulated
P. acidilactici	HN015_00130	-2.70946362230335	0.00425922895804354	Downregulated
P. acidilactici	HN015_04970	-3.15988710916224	0.00428725858007494	Downregulated
P. acidilactici	HN015_02415	-3.53509389744569	0.0043529512345874	Downregulated
P. acidilactici	HN015_06835	-3.17560310933105	0.00439371291475532	Downregulated
B. breve	BBBR_0178	3.03854015903745	0.00442930681261454	Upregulated
P. acidilactici	HN015_04075	-2.26571203119774	0.00443378747556723	Downregulated
P. acidilactici	HN015_09265	-4.12296531565379	0.00444152665176403	Downregulated
P. acidilactici	HN015_03540	-2.13891334438335	0.00456989323762643	Downregulated
E. coli	b2175	2.08409187219964	0.00457987606380535	Upregulated
B. thetaiotaomicron	BT_1267	-2.0042289568136	0.00458118599863846	Downregulated
P. acidilactici	HN015_09010	-4.04085559971963	0.00462573031497284	Downregulated
P. acidilactici	HN015_02470	-4.05079040790878	0.00462749799550922	Downregulated
P. acidilactici	HN015_09500	-2.25883586140759	0.00473838504347361	Downregulated
P. acidilactici	HN015_06495	-2.27716840995741	0.00475346182128466	Downregulated
P. acidilactici	HN015_03860	-2.59356358688257	0.00479973107063472	Downregulated
P. acidilactici	HN015_03395	-2.84194881188541	0.00480098448994432	Downregulated
P. acidilactici	HN015_05735	-2.24138880770475	0.00481376724789088	Downregulated
P. acidilactici	HN015_02185	-3.33549400135117	0.00481580119070497	Downregulated
P. acidilactici	HN015_01815	-2.3257211526075	0.0048378960960648	Downregulated
E. coli	b4292	2.64752524032566	0.00493473770032571	Upregulated
P. acidilactici	HN015_01095	-3.23780700600803	0.00493473770032571	Downregulated
P. acidilactici	HN015_07565	-4.35212862847517	0.00501262635430194	Downregulated
P. acidilactici	HN015_08495	-2.27125316765665	0.00505082674290323	Downregulated
B. thetaiotaomicron	BT_0066	-2.30450186165375	0.00505170353606295	Downregulated
B. thetaiotaomicron	BT_0824	-2.46277658176888	0.00506050519726721	Downregulated
P. acidilactici	HN015_02590	-4.05346096552849	0.00507605649067198	Downregulated
P. acidilactici	HN015_02565	-3.27537153318729	0.00513888995316279	Downregulated
P. acidilactici	HN015_04930	-2.20924976976188	0.00516611720514285	Downregulated
P. acidilactici	HN015_02165	-4.33493324750504	0.00520475286601003	Downregulated
P. acidilactici	HN015_07020	-2.92215502238187	0.00522693411766365	Downregulated
B. thetaiotaomicron	BT_3486	-3.05619089778198	0.0052657947171183	Downregulated
P. acidilactici	HN015_03925	-2.61764257188769	0.00526650216340108	Downregulated
B. thetaiotaomicron	BT_2785	-2.57999292585605	0.00532837247414405	Downregulated
P. acidilactici	HN015_09220	-2.39933140439265	0.00539043826604055	Downregulated
B. thetaiotaomicron	BT_4581	-2.59019274401602	0.00547957881153845	Downregulated
B. thetaiotaomicron	BT_3970	-2.54758238687345	0.00548395487691808	Downregulated
P. acidilactici	HN015_02180	-2.68077627873961	0.00558495202272712	Downregulated
P. acidilactici	HN015_08355	-2.64580358687194	0.00559201952078862	Downregulated
P. acidilactici	HN015_04380	-2.66367866484309	0.00561034509532826	Downregulated
P. acidilactici	HN015_01550	-2.92467671345392	0.00561501492339177	Downregulated
P. acidilactici	HN015_04125	-2.44589958049263	0.00562068436254544	Downregulated
P. acidilactici	HN015_01350	-2.91449618563791	0.00566928121256819	Downregulated
B. thetaiotaomicron	BT_1404	-2.36314113590141	0.00572476834718097	Downregulated
P. acidilactici	HN015_06630	-2.16308075038635	0.00572476834718097	Downregulated
P. acidilactici	HN015_01500	-3.21798666440227	0.00574077531297148	Downregulated
P. acidilactici	HN015_02505	-3.7086336543783	0.00576378531587038	Downregulated
P. acidilactici	HN015_06165	-2.97427235419777	0.00576672506992983	Downregulated
B. breve	BBBR_0191	2.24895446954385	0.00577110418186614	Upregulated
P. acidilactici	HN015_01715	-2.70807458170278	0.00578402086906871	Downregulated
P. acidilactici	HN015_02995	-2.28157288322941	0.00597724600741146	Downregulated
P. acidilactici	HN015_08480	-2.30976875531204	0.00601339166944981	Downregulated
B. thetaiotaomicron	BT_2663	-2.77998695596133	0.00603524642740756	Downregulated
B. thetaiotaomicron	BT_0680	-2.6603055240205	0.00606408193610337	Downregulated
P. acidilactici	HN015_02865	-2.15729976051245	0.00610543778281157	Downregulated
P. acidilactici	HN015_08555	-2.44594951036756	0.0061231038213283	Downregulated
B. thetaiotaomicron	BT_0713	-2.48365688673889	0.00618578731457554	Downregulated
B. thetaiotaomicron	BT_3837	-2.08683643054937	0.00621749645236765	Downregulated
P. acidilactici	HN015_05905	-4.60848945138859	0.00623765120251571	Downregulated
B. breve	BBBR_0691	2.08497025954348	0.00626926822653784	Upregulated
P. acidilactici	HN015_08485	-2.08207837299854	0.0062897377569368	Downregulated
P. acidilactici	HN015_06170	-4.99192188629062	0.00631526114485616	Downregulated
P. acidilactici	HN015_07250	-2.87646880518309	0.00631526114485616	Downregulated
B. thetaiotaomicron	BT_2059	-2.48538830812367	0.00638616699518508	Downregulated
P. acidilactici	HN015_01865	-3.46820320869818	0.0063886788936728	Downregulated
B. thetaiotaomicron	BT_1415	-4.42514177886412	0.00642438626662722	Downregulated
P. acidilactici	HN015_00880	-2.99430023760611	0.0064641294465782	Downregulated
P. acidilactici	HN015_00550	-3.25972809711864	0.00647186362734172	Downregulated
P. acidilactici	HN015_08880	-5.76073876024869	0.00648022710622841	Downregulated
P. acidilactici	HN015_03765	-2.19651128652423	0.00657539173189503	Downregulated
B. breve	BBBR_0174	4.21044213775531	0.00659285784265753	Upregulated
B. thetaiotaomicron	BT_4396	-2.5327221599541	0.0066435877956088	Downregulated
P. acidilactici	HN015_05060	-2.52993504080817	0.00670182561460143	Downregulated
E. coli	b1890	2.21122470347342	0.00674458809200788	Upregulated
P. acidilactici	HN015_09045	-2.69045586331643	0.006778715862039	Downregulated
P. acidilactici	HN015_07055	-2.50622721636791	0.00678562543385055	Downregulated
P. acidilactici	HN015_08040	-2.37727403354912	0.00678637725782635	Downregulated
P. acidilactici	HN015_06175	-3.30894654113909	0.00679297788683872	Downregulated
P. acidilactici	HN015_08835	-3.32443103199316	0.00684601056301646	Downregulated
E. coli	b2667	2.79613849724992	0.00684693350836077	Upregulated
P. acidilactici	HN015_02215	-2.11661978558685	0.00690933284298169	Downregulated
P. acidilactici	HN015_03405	-2.81475364265388	0.00690933284298169	Downregulated
L. symbiosum	HMPREF9475_00613	-2.95597987177042	0.00694660479529162	Downregulated
B. thetaiotaomicron	BT_0285	-2.26903253211072	0.00703067541812561	Downregulated
L. symbiosum	HMPREF9475_00616	-2.49856871092397	0.00716967093083058	Downregulated
P. acidilactici	HN015_04285	-2.41515905776116	0.00726549294816963	Downregulated
E. coli	b0594	2.83829968138475	0.00728603977048609	Upregulated
P. acidilactici	HN015_04670	-2.38351176405802	0.00730042111862315	Downregulated
P. acidilactici	HN015_06005	-2.38367354526574	0.00749313434904991	Downregulated
B. thetaiotaomicron	BT_3767	-2.1773489148959	0.00755021694402602	Downregulated
P. acidilactici	HN015_07640	-2.35751268258585	0.00755671968153364	Downregulated
E. coli	b3878	2.20803741438878	0.00757081083678011	Upregulated
P. acidilactici	HN015_01110	-2.58389508054153	0.00763673574082137	Downregulated
P. acidilactici	HN015_06600	-2.74499715431712	0.00766034035466293	Downregulated
P. acidilactici	HN015_00755	-2.60860039919762	0.007747397955852	Downregulated
E. coli	b1922	3.28127117386522	0.0077691240529385	Upregulated
B. thetaiotaomicron	BT_0716	-2.34412975520917	0.00783233006740066	Downregulated
L. symbiosum	HMPREF9475_00701	-2.19111076806371	0.0078644312069793	Downregulated
B. thetaiotaomicron	BT_1918	-2.29344093208054	0.00815611313343782	Downregulated
P. acidilactici	HN015_03075	-2.62725906498628	0.00820966295304544	Downregulated
P. acidilactici	HN015_06720	-2.14619463326169	0.00823208702230805	Downregulated
P. acidilactici	HN015_03555	-2.27335084012433	0.00824250348176222	Downregulated
P. acidilactici	HN015_00265	-3.17691135685355	0.00825702123229267	Downregulated
B. breve	BBBR_0651	2.46266025562439	0.00826184926154157	Upregulated
E. coli	b1836	2.11109173791854	0.00836944945302983	Upregulated
P. acidilactici	HN015_07635	-2.17910531641385	0.0084449094411343	Downregulated
P. acidilactici	HN015_04315	-3.15803248364366	0.00848136737650429	Downregulated
B. thetaiotaomicron	BT_2957	-2.46040283007718	0.00848971169532405	Downregulated
B. thetaiotaomicron	BT_3163	-2.23901571211368	0.00854087236679037	Downregulated
B. thetaiotaomicron	BT_1417	-2.5002409008754	0.00855157265185573	Downregulated
P. acidilactici	HN015_04675	-2.45395893298639	0.00859954029996486	Downregulated
P. acidilactici	HN015_07585	-2.10098104044437	0.0086163173315606	Downregulated
P. acidilactici	HN015_05755	-2.34573746577021	0.00871167607285179	Downregulated
P. acidilactici	HN015_00090	-3.07392949251121	0.00871171063230621	Downregulated
P. acidilactici	HN015_04170	-2.10742157098674	0.00871763970111399	Downregulated
B. thetaiotaomicron	BT_0318	-2.26103962709479	0.00871847765349703	Downregulated
L. symbiosum	HMPREF9475_01770	4.40985934397307	0.008722453129783	Upregulated
P. acidilactici	HN015_05080	-5.42738886440157	0.00888979730697787	Downregulated
L. symbiosum	HMPREF9475_03942	-2.89328349804504	0.00891485693025177	Downregulated
B. thetaiotaomicron	BT_3472	-2.22012713949315	0.00896795064839688	Downregulated
B. thetaiotaomicron	BT_4235	-2.08272315875428	0.00897946789859231	Downregulated
P. acidilactici	HN015_07725	-2.18807358184384	0.00901608664446266	Downregulated
P. acidilactici	HN015_03070	-2.35030449500913	0.00901701459444394	Downregulated
L. symbiosum	HMPREF9475_02245	-3.57561969021322	0.00901729431088043	Downregulated
P. acidilactici	HN015_07130	-2.04204333663632	0.00911552023847245	Downregulated
E. coli	b1082	2.11214950362328	0.00914826678776013	Upregulated
P. acidilactici	HN015_09140	-4.21599420832143	0.00914826678776013	Downregulated
P. acidilactici	HN015_09320	-4.88657324561769	0.00917640227945486	Downregulated
B. thetaiotaomicron	BT_1040	-2.43001820290963	0.00931941060431205	Downregulated
B. thetaiotaomicron	BT_4186	-2.54543362916157	0.00952405222590854	Downregulated
P. acidilactici	HN015_04810	-2.71947691396847	0.00954711353740889	Downregulated
P. acidilactici	HN015_03895	-3.53403092090893	0.0096020927656217	Downregulated
P. acidilactici	HN015_08010	-2.48620514445504	0.00963266641636898	Downregulated
B. thetaiotaomicron	BT_2105	-2.63340500161044	0.00970824888931191	Downregulated
P. acidilactici	HN015_05020	-3.01590158174088	0.00972404986805066	Downregulated
P. acidilactici	HN015_01520	-2.96549966883245	0.00975201661003633	Downregulated
E. coli	b0806	2.14672579959074	0.00983641381515949	Upregulated
B. thetaiotaomicron	BT_4652	-2.9362246784738	0.00987954786701947	Downregulated
L. symbiosum	HMPREF9475_02876	-2.00703329439761	0.00992265348057975	Downregulated
B. thetaiotaomicron	BT_3762	-2.3777839228515	0.00992265348057975	Downregulated
B. thetaiotaomicron	BT_0725	-2.12030262736528	0.00995829013816407	Downregulated
P. acidilactici	HN015_07855	-2.29897496946718	0.00995829013816407	Downregulated
